999
"DXF R12 Output" (www.mydxf.blogspot.com)
 0 
SECTION
 2 
HEADER
 9 
$ACADVER
 1 
AC1009
 9 
$EXTMIN
 10 
 0 
 20 
 0 
 9 
$EXTMAX
 10 
 8.5 
 20 
 11 
 0 
ENDSEC
 0 
SECTION
 2 
ENTITIES
0
POLYLINE
8
Layer 1
62
7
70
0
10
0.000000
20
0.000000
66
1
0
VERTEX
8
Layer 1
10
7.177164
20
301.291000
70
0
0
VERTEX
8
Layer 1
10
7.177164
20
289.124309
70
0
0
SEQEND
8
Layer 1
0
POLYLINE
8
Layer 1
62
7
70
0
10
0.000000
20
0.000000
66
1
0
VERTEX
8
Layer 1
10
7.177164
20
289.124309
70
0
0
VERTEX
8
Layer 1
10
3.176669
20
289.124309
70
0
0
SEQEND
8
Layer 1
0
POLYLINE
8
Layer 1
62
7
70
0
10
0.000000
20
0.000000
66
1
0
VERTEX
8
Layer 1
10
3.176669
20
289.124309
70
0
0
VERTEX
8
Layer 1
10
3.176669
20
276.957725
70
0
0
SEQEND
8
Layer 1
0
POLYLINE
8
Layer 1
62
7
70
0
10
0.000000
20
0.000000
66
1
0
VERTEX
8
Layer 1
10
3.176669
20
276.957725
70
0
0
VERTEX
8
Layer 1
10
7.177164
20
276.957725
70
0
0
SEQEND
8
Layer 1
0
POLYLINE
8
Layer 1
62
7
70
0
10
0.000000
20
0.000000
66
1
0
VERTEX
8
Layer 1
10
7.177164
20
276.957725
70
0
0
VERTEX
8
Layer 1
10
7.177164
20
264.790981
70
0
0
SEQEND
8
Layer 1
0
POLYLINE
8
Layer 1
62
7
70
0
10
0.000000
20
0.000000
66
1
0
VERTEX
8
Layer 1
10
7.177164
20
264.790981
70
0
0
VERTEX
8
Layer 1
10
3.176669
20
264.790981
70
0
0
SEQEND
8
Layer 1
0
POLYLINE
8
Layer 1
62
7
70
0
10
0.000000
20
0.000000
66
1
0
VERTEX
8
Layer 1
10
3.176669
20
264.790981
70
0
0
VERTEX
8
Layer 1
10
3.176669
20
252.624397
70
0
0
SEQEND
8
Layer 1
0
POLYLINE
8
Layer 1
62
7
70
0
10
0.000000
20
0.000000
66
1
0
VERTEX
8
Layer 1
10
3.176669
20
252.624397
70
0
0
VERTEX
8
Layer 1
10
7.177164
20
252.624397
70
0
0
SEQEND
8
Layer 1
0
POLYLINE
8
Layer 1
62
7
70
0
10
0.000000
20
0.000000
66
1
0
VERTEX
8
Layer 1
10
7.177164
20
252.624397
70
0
0
VERTEX
8
Layer 1
10
7.177164
20
240.457812
70
0
0
SEQEND
8
Layer 1
0
POLYLINE
8
Layer 1
62
7
70
0
10
0.000000
20
0.000000
66
1
0
VERTEX
8
Layer 1
10
7.177164
20
240.457812
70
0
0
VERTEX
8
Layer 1
10
3.176669
20
240.457812
70
0
0
SEQEND
8
Layer 1
0
POLYLINE
8
Layer 1
62
7
70
0
10
0.000000
20
0.000000
66
1
0
VERTEX
8
Layer 1
10
3.176669
20
240.457812
70
0
0
VERTEX
8
Layer 1
10
3.176669
20
228.290963
70
0
0
SEQEND
8
Layer 1
0
POLYLINE
8
Layer 1
62
7
70
0
10
0.000000
20
0.000000
66
1
0
VERTEX
8
Layer 1
10
3.176669
20
228.290963
70
0
0
VERTEX
8
Layer 1
10
7.177164
20
228.290963
70
0
0
SEQEND
8
Layer 1
0
POLYLINE
8
Layer 1
62
7
70
0
10
0.000000
20
0.000000
66
1
0
VERTEX
8
Layer 1
10
7.177164
20
228.290963
70
0
0
VERTEX
8
Layer 1
10
7.177164
20
216.124378
70
0
0
SEQEND
8
Layer 1
0
POLYLINE
8
Layer 1
62
7
70
0
10
0.000000
20
0.000000
66
1
0
VERTEX
8
Layer 1
10
7.177164
20
216.124378
70
0
0
VERTEX
8
Layer 1
10
3.176669
20
216.124378
70
0
0
SEQEND
8
Layer 1
0
POLYLINE
8
Layer 1
62
7
70
0
10
0.000000
20
0.000000
66
1
0
VERTEX
8
Layer 1
10
3.176669
20
216.124378
70
0
0
VERTEX
8
Layer 1
10
3.176669
20
203.957793
70
0
0
SEQEND
8
Layer 1
0
POLYLINE
8
Layer 1
62
7
70
0
10
0.000000
20
0.000000
66
1
0
VERTEX
8
Layer 1
10
3.176669
20
203.957793
70
0
0
VERTEX
8
Layer 1
10
7.177164
20
203.957793
70
0
0
SEQEND
8
Layer 1
0
POLYLINE
8
Layer 1
62
7
70
0
10
0.000000
20
0.000000
66
1
0
VERTEX
8
Layer 1
10
7.177164
20
203.957793
70
0
0
VERTEX
8
Layer 1
10
7.177164
20
191.791209
70
0
0
SEQEND
8
Layer 1
0
POLYLINE
8
Layer 1
62
7
70
0
10
0.000000
20
0.000000
66
1
0
VERTEX
8
Layer 1
10
7.177164
20
191.791209
70
0
0
VERTEX
8
Layer 1
10
3.176669
20
191.791209
70
0
0
SEQEND
8
Layer 1
0
POLYLINE
8
Layer 1
62
7
70
0
10
0.000000
20
0.000000
66
1
0
VERTEX
8
Layer 1
10
3.176669
20
191.791209
70
0
0
VERTEX
8
Layer 1
10
3.176669
20
179.624095
70
0
0
SEQEND
8
Layer 1
0
POLYLINE
8
Layer 1
62
7
70
0
10
0.000000
20
0.000000
66
1
0
VERTEX
8
Layer 1
10
3.176669
20
179.624095
70
0
0
VERTEX
8
Layer 1
10
7.177164
20
179.624095
70
0
0
SEQEND
8
Layer 1
0
POLYLINE
8
Layer 1
62
7
70
0
10
0.000000
20
0.000000
66
1
0
VERTEX
8
Layer 1
10
7.177164
20
179.624095
70
0
0
VERTEX
8
Layer 1
10
7.177164
20
167.458039
70
0
0
SEQEND
8
Layer 1
0
POLYLINE
8
Layer 1
62
7
70
0
10
0.000000
20
0.000000
66
1
0
VERTEX
8
Layer 1
10
7.177164
20
167.458039
70
0
0
VERTEX
8
Layer 1
10
3.176669
20
167.458039
70
0
0
SEQEND
8
Layer 1
0
POLYLINE
8
Layer 1
62
7
70
0
10
0.000000
20
0.000000
66
1
0
VERTEX
8
Layer 1
10
3.176669
20
167.458039
70
0
0
VERTEX
8
Layer 1
10
3.176669
20
155.291190
70
0
0
SEQEND
8
Layer 1
0
POLYLINE
8
Layer 1
62
7
70
0
10
0.000000
20
0.000000
66
1
0
VERTEX
8
Layer 1
10
3.176669
20
155.291190
70
0
0
VERTEX
8
Layer 1
10
219.176938
20
155.291190
70
0
0
SEQEND
8
Layer 1
0
POLYLINE
8
Layer 1
62
7
70
0
10
0.000000
20
0.000000
66
1
0
VERTEX
8
Layer 1
10
219.176938
20
155.291190
70
0
0
VERTEX
8
Layer 1
10
219.176938
20
167.458039
70
0
0
SEQEND
8
Layer 1
0
POLYLINE
8
Layer 1
62
7
70
0
10
0.000000
20
0.000000
66
1
0
VERTEX
8
Layer 1
10
219.176938
20
167.458039
70
0
0
VERTEX
8
Layer 1
10
223.177433
20
167.458039
70
0
0
SEQEND
8
Layer 1
0
POLYLINE
8
Layer 1
62
7
70
0
10
0.000000
20
0.000000
66
1
0
VERTEX
8
Layer 1
10
223.177433
20
167.458039
70
0
0
VERTEX
8
Layer 1
10
223.177433
20
179.624095
70
0
0
SEQEND
8
Layer 1
0
POLYLINE
8
Layer 1
62
7
70
0
10
0.000000
20
0.000000
66
1
0
VERTEX
8
Layer 1
10
223.177433
20
179.624095
70
0
0
VERTEX
8
Layer 1
10
219.176938
20
179.624095
70
0
0
SEQEND
8
Layer 1
0
POLYLINE
8
Layer 1
62
7
70
0
10
0.000000
20
0.000000
66
1
0
VERTEX
8
Layer 1
10
219.176938
20
179.624095
70
0
0
VERTEX
8
Layer 1
10
219.176938
20
191.791209
70
0
0
SEQEND
8
Layer 1
0
POLYLINE
8
Layer 1
62
7
70
0
10
0.000000
20
0.000000
66
1
0
VERTEX
8
Layer 1
10
219.176938
20
191.791209
70
0
0
VERTEX
8
Layer 1
10
223.177433
20
191.791209
70
0
0
SEQEND
8
Layer 1
0
POLYLINE
8
Layer 1
62
7
70
0
10
0.000000
20
0.000000
66
1
0
VERTEX
8
Layer 1
10
223.177433
20
191.791209
70
0
0
VERTEX
8
Layer 1
10
223.177433
20
203.957793
70
0
0
SEQEND
8
Layer 1
0
POLYLINE
8
Layer 1
62
7
70
0
10
0.000000
20
0.000000
66
1
0
VERTEX
8
Layer 1
10
223.177433
20
203.957793
70
0
0
VERTEX
8
Layer 1
10
219.176938
20
203.957793
70
0
0
SEQEND
8
Layer 1
0
POLYLINE
8
Layer 1
62
7
70
0
10
0.000000
20
0.000000
66
1
0
VERTEX
8
Layer 1
10
219.176938
20
203.957793
70
0
0
VERTEX
8
Layer 1
10
219.176938
20
216.124378
70
0
0
SEQEND
8
Layer 1
0
POLYLINE
8
Layer 1
62
7
70
0
10
0.000000
20
0.000000
66
1
0
VERTEX
8
Layer 1
10
219.176938
20
216.124378
70
0
0
VERTEX
8
Layer 1
10
223.177433
20
216.124378
70
0
0
SEQEND
8
Layer 1
0
POLYLINE
8
Layer 1
62
7
70
0
10
0.000000
20
0.000000
66
1
0
VERTEX
8
Layer 1
10
223.177433
20
216.124378
70
0
0
VERTEX
8
Layer 1
10
223.177433
20
228.290963
70
0
0
SEQEND
8
Layer 1
0
POLYLINE
8
Layer 1
62
7
70
0
10
0.000000
20
0.000000
66
1
0
VERTEX
8
Layer 1
10
223.177433
20
228.290963
70
0
0
VERTEX
8
Layer 1
10
219.176938
20
228.290963
70
0
0
SEQEND
8
Layer 1
0
POLYLINE
8
Layer 1
62
7
70
0
10
0.000000
20
0.000000
66
1
0
VERTEX
8
Layer 1
10
219.176938
20
228.290963
70
0
0
VERTEX
8
Layer 1
10
219.176938
20
240.457812
70
0
0
SEQEND
8
Layer 1
0
POLYLINE
8
Layer 1
62
7
70
0
10
0.000000
20
0.000000
66
1
0
VERTEX
8
Layer 1
10
219.176938
20
240.457812
70
0
0
VERTEX
8
Layer 1
10
223.177433
20
240.457812
70
0
0
SEQEND
8
Layer 1
0
POLYLINE
8
Layer 1
62
7
70
0
10
0.000000
20
0.000000
66
1
0
VERTEX
8
Layer 1
10
223.177433
20
240.457812
70
0
0
VERTEX
8
Layer 1
10
223.177433
20
252.624397
70
0
0
SEQEND
8
Layer 1
0
POLYLINE
8
Layer 1
62
7
70
0
10
0.000000
20
0.000000
66
1
0
VERTEX
8
Layer 1
10
223.177433
20
252.624397
70
0
0
VERTEX
8
Layer 1
10
219.176938
20
252.624397
70
0
0
SEQEND
8
Layer 1
0
POLYLINE
8
Layer 1
62
7
70
0
10
0.000000
20
0.000000
66
1
0
VERTEX
8
Layer 1
10
219.176938
20
252.624397
70
0
0
VERTEX
8
Layer 1
10
219.176938
20
264.790981
70
0
0
SEQEND
8
Layer 1
0
POLYLINE
8
Layer 1
62
7
70
0
10
0.000000
20
0.000000
66
1
0
VERTEX
8
Layer 1
10
219.176938
20
264.790981
70
0
0
VERTEX
8
Layer 1
10
223.177433
20
264.790981
70
0
0
SEQEND
8
Layer 1
0
POLYLINE
8
Layer 1
62
7
70
0
10
0.000000
20
0.000000
66
1
0
VERTEX
8
Layer 1
10
223.177433
20
264.790981
70
0
0
VERTEX
8
Layer 1
10
223.177433
20
276.957725
70
0
0
SEQEND
8
Layer 1
0
POLYLINE
8
Layer 1
62
7
70
0
10
0.000000
20
0.000000
66
1
0
VERTEX
8
Layer 1
10
223.177433
20
276.957725
70
0
0
VERTEX
8
Layer 1
10
219.176938
20
276.957725
70
0
0
SEQEND
8
Layer 1
0
POLYLINE
8
Layer 1
62
7
70
0
10
0.000000
20
0.000000
66
1
0
VERTEX
8
Layer 1
10
219.176938
20
276.957725
70
0
0
VERTEX
8
Layer 1
10
219.176938
20
289.124309
70
0
0
SEQEND
8
Layer 1
0
POLYLINE
8
Layer 1
62
7
70
0
10
0.000000
20
0.000000
66
1
0
VERTEX
8
Layer 1
10
219.176938
20
289.124309
70
0
0
VERTEX
8
Layer 1
10
223.177433
20
289.124309
70
0
0
SEQEND
8
Layer 1
0
POLYLINE
8
Layer 1
62
7
70
0
10
0.000000
20
0.000000
66
1
0
VERTEX
8
Layer 1
10
223.177433
20
289.124309
70
0
0
VERTEX
8
Layer 1
10
223.177433
20
305.290992
70
0
0
SEQEND
8
Layer 1
0
POLYLINE
8
Layer 1
62
7
70
0
10
0.000000
20
0.000000
66
1
0
VERTEX
8
Layer 1
10
223.177433
20
305.290992
70
0
0
VERTEX
8
Layer 1
10
219.176938
20
305.290992
70
0
0
SEQEND
8
Layer 1
0
POLYLINE
8
Layer 1
62
7
70
0
10
0.000000
20
0.000000
66
1
0
VERTEX
8
Layer 1
10
219.176938
20
305.290992
70
0
0
VERTEX
8
Layer 1
10
219.176938
20
301.291000
70
0
0
SEQEND
8
Layer 1
0
POLYLINE
8
Layer 1
62
7
70
0
10
0.000000
20
0.000000
66
1
0
VERTEX
8
Layer 1
10
219.176938
20
301.291000
70
0
0
VERTEX
8
Layer 1
10
201.508086
20
301.291000
70
0
0
SEQEND
8
Layer 1
0
POLYLINE
8
Layer 1
62
7
70
0
10
0.000000
20
0.000000
66
1
0
VERTEX
8
Layer 1
10
201.508086
20
301.291000
70
0
0
VERTEX
8
Layer 1
10
201.508086
20
305.290992
70
0
0
SEQEND
8
Layer 1
0
POLYLINE
8
Layer 1
62
7
70
0
10
0.000000
20
0.000000
66
1
0
VERTEX
8
Layer 1
10
201.508086
20
305.290992
70
0
0
VERTEX
8
Layer 1
10
183.847170
20
305.290992
70
0
0
SEQEND
8
Layer 1
0
POLYLINE
8
Layer 1
62
7
70
0
10
0.000000
20
0.000000
66
1
0
VERTEX
8
Layer 1
10
183.847170
20
305.290992
70
0
0
VERTEX
8
Layer 1
10
183.847170
20
301.291000
70
0
0
SEQEND
8
Layer 1
0
POLYLINE
8
Layer 1
62
7
70
0
10
0.000000
20
0.000000
66
1
0
VERTEX
8
Layer 1
10
183.847170
20
301.291000
70
0
0
VERTEX
8
Layer 1
10
166.175672
20
301.291000
70
0
0
SEQEND
8
Layer 1
0
POLYLINE
8
Layer 1
62
7
70
0
10
0.000000
20
0.000000
66
1
0
VERTEX
8
Layer 1
10
166.175672
20
301.291000
70
0
0
VERTEX
8
Layer 1
10
166.175672
20
305.290992
70
0
0
SEQEND
8
Layer 1
0
POLYLINE
8
Layer 1
62
7
70
0
10
0.000000
20
0.000000
66
1
0
VERTEX
8
Layer 1
10
166.175672
20
305.290992
70
0
0
VERTEX
8
Layer 1
10
148.506819
20
305.290992
70
0
0
SEQEND
8
Layer 1
0
POLYLINE
8
Layer 1
62
7
70
0
10
0.000000
20
0.000000
66
1
0
VERTEX
8
Layer 1
10
148.506819
20
305.290992
70
0
0
VERTEX
8
Layer 1
10
148.506819
20
301.291000
70
0
0
SEQEND
8
Layer 1
0
POLYLINE
8
Layer 1
62
7
70
0
10
0.000000
20
0.000000
66
1
0
VERTEX
8
Layer 1
10
148.506819
20
301.291000
70
0
0
VERTEX
8
Layer 1
10
130.845904
20
301.291000
70
0
0
SEQEND
8
Layer 1
0
POLYLINE
8
Layer 1
62
7
70
0
10
0.000000
20
0.000000
66
1
0
VERTEX
8
Layer 1
10
130.845904
20
301.291000
70
0
0
VERTEX
8
Layer 1
10
130.845904
20
305.290992
70
0
0
SEQEND
8
Layer 1
0
POLYLINE
8
Layer 1
62
7
70
0
10
0.000000
20
0.000000
66
1
0
VERTEX
8
Layer 1
10
130.845904
20
305.290992
70
0
0
VERTEX
8
Layer 1
10
113.177051
20
305.290992
70
0
0
SEQEND
8
Layer 1
0
POLYLINE
8
Layer 1
62
7
70
0
10
0.000000
20
0.000000
66
1
0
VERTEX
8
Layer 1
10
113.177051
20
305.290992
70
0
0
VERTEX
8
Layer 1
10
113.177051
20
301.291000
70
0
0
SEQEND
8
Layer 1
0
POLYLINE
8
Layer 1
62
7
70
0
10
0.000000
20
0.000000
66
1
0
VERTEX
8
Layer 1
10
113.177051
20
301.291000
70
0
0
VERTEX
8
Layer 1
10
95.508198
20
301.291000
70
0
0
SEQEND
8
Layer 1
0
POLYLINE
8
Layer 1
62
7
70
0
10
0.000000
20
0.000000
66
1
0
VERTEX
8
Layer 1
10
95.508198
20
301.291000
70
0
0
VERTEX
8
Layer 1
10
95.508198
20
305.290992
70
0
0
SEQEND
8
Layer 1
0
POLYLINE
8
Layer 1
62
7
70
0
10
0.000000
20
0.000000
66
1
0
VERTEX
8
Layer 1
10
95.508198
20
305.290992
70
0
0
VERTEX
8
Layer 1
10
77.847283
20
305.290992
70
0
0
SEQEND
8
Layer 1
0
POLYLINE
8
Layer 1
62
7
70
0
10
0.000000
20
0.000000
66
1
0
VERTEX
8
Layer 1
10
77.847283
20
305.290992
70
0
0
VERTEX
8
Layer 1
10
77.847283
20
301.291000
70
0
0
SEQEND
8
Layer 1
0
POLYLINE
8
Layer 1
62
7
70
0
10
0.000000
20
0.000000
66
1
0
VERTEX
8
Layer 1
10
77.847283
20
301.291000
70
0
0
VERTEX
8
Layer 1
10
60.175784
20
301.291000
70
0
0
SEQEND
8
Layer 1
0
POLYLINE
8
Layer 1
62
7
70
0
10
0.000000
20
0.000000
66
1
0
VERTEX
8
Layer 1
10
60.175784
20
301.291000
70
0
0
VERTEX
8
Layer 1
10
60.175784
20
305.290992
70
0
0
SEQEND
8
Layer 1
0
POLYLINE
8
Layer 1
62
7
70
0
10
0.000000
20
0.000000
66
1
0
VERTEX
8
Layer 1
10
60.175784
20
305.290992
70
0
0
VERTEX
8
Layer 1
10
42.506932
20
305.290992
70
0
0
SEQEND
8
Layer 1
0
POLYLINE
8
Layer 1
62
7
70
0
10
0.000000
20
0.000000
66
1
0
VERTEX
8
Layer 1
10
42.506932
20
305.290992
70
0
0
VERTEX
8
Layer 1
10
42.506932
20
301.291000
70
0
0
SEQEND
8
Layer 1
0
POLYLINE
8
Layer 1
62
7
70
0
10
0.000000
20
0.000000
66
1
0
VERTEX
8
Layer 1
10
42.506932
20
301.291000
70
0
0
VERTEX
8
Layer 1
10
24.846016
20
301.291000
70
0
0
SEQEND
8
Layer 1
0
POLYLINE
8
Layer 1
62
7
70
0
10
0.000000
20
0.000000
66
1
0
VERTEX
8
Layer 1
10
24.846016
20
301.291000
70
0
0
VERTEX
8
Layer 1
10
24.846016
20
305.290992
70
0
0
SEQEND
8
Layer 1
0
POLYLINE
8
Layer 1
62
7
70
0
10
0.000000
20
0.000000
66
1
0
VERTEX
8
Layer 1
10
24.846016
20
305.290992
70
0
0
VERTEX
8
Layer 1
10
3.176669
20
305.290992
70
0
0
SEQEND
8
Layer 1
0
POLYLINE
8
Layer 1
62
7
70
0
10
0.000000
20
0.000000
66
1
0
VERTEX
8
Layer 1
10
3.176669
20
305.290992
70
0
0
VERTEX
8
Layer 1
10
3.176669
20
301.291000
70
0
0
SEQEND
8
Layer 1
0
POLYLINE
8
Layer 1
62
7
70
0
10
0.000000
20
0.000000
66
1
0
VERTEX
8
Layer 1
10
3.176669
20
301.291000
70
0
0
VERTEX
8
Layer 1
10
7.177164
20
301.291000
70
0
0
SEQEND
8
Layer 1
0
POLYLINE
8
Layer 1
62
7
70
0
10
0.000000
20
0.000000
66
1
0
VERTEX
8
Layer 1
10
158.605952
20
163.291122
70
0
0
VERTEX
8
Layer 1
10
188.887476
20
163.291122
70
0
0
SEQEND
8
Layer 1
0
POLYLINE
8
Layer 1
62
7
70
0
10
0.000000
20
0.000000
66
1
0
VERTEX
8
Layer 1
10
188.887476
20
163.291122
70
0
0
VERTEX
8
Layer 1
10
188.887476
20
159.291156
70
0
0
SEQEND
8
Layer 1
0
POLYLINE
8
Layer 1
62
7
70
0
10
0.000000
20
0.000000
66
1
0
VERTEX
8
Layer 1
10
188.887476
20
159.291156
70
0
0
VERTEX
8
Layer 1
10
158.605952
20
159.291156
70
0
0
SEQEND
8
Layer 1
0
POLYLINE
8
Layer 1
62
7
70
0
10
0.000000
20
0.000000
66
1
0
VERTEX
8
Layer 1
10
158.605952
20
159.291156
70
0
0
VERTEX
8
Layer 1
10
158.605952
20
163.291122
70
0
0
SEQEND
8
Layer 1
0
POLYLINE
8
Layer 1
62
7
70
0
10
0.000000
20
0.000000
66
1
0
VERTEX
8
Layer 1
10
98.037612
20
163.291122
70
0
0
VERTEX
8
Layer 1
10
128.316490
20
163.291122
70
0
0
SEQEND
8
Layer 1
0
POLYLINE
8
Layer 1
62
7
70
0
10
0.000000
20
0.000000
66
1
0
VERTEX
8
Layer 1
10
128.316490
20
163.291122
70
0
0
VERTEX
8
Layer 1
10
128.316490
20
159.291156
70
0
0
SEQEND
8
Layer 1
0
POLYLINE
8
Layer 1
62
7
70
0
10
0.000000
20
0.000000
66
1
0
VERTEX
8
Layer 1
10
128.316490
20
159.291156
70
0
0
VERTEX
8
Layer 1
10
98.037612
20
159.291156
70
0
0
SEQEND
8
Layer 1
0
POLYLINE
8
Layer 1
62
7
70
0
10
0.000000
20
0.000000
66
1
0
VERTEX
8
Layer 1
10
98.037612
20
159.291156
70
0
0
VERTEX
8
Layer 1
10
98.037612
20
163.291122
70
0
0
SEQEND
8
Layer 1
0
POLYLINE
8
Layer 1
62
7
70
0
10
0.000000
20
0.000000
66
1
0
VERTEX
8
Layer 1
10
37.466626
20
163.291122
70
0
0
VERTEX
8
Layer 1
10
67.748150
20
163.291122
70
0
0
SEQEND
8
Layer 1
0
POLYLINE
8
Layer 1
62
7
70
0
10
0.000000
20
0.000000
66
1
0
VERTEX
8
Layer 1
10
67.748150
20
163.291122
70
0
0
VERTEX
8
Layer 1
10
67.748150
20
159.291156
70
0
0
SEQEND
8
Layer 1
0
POLYLINE
8
Layer 1
62
7
70
0
10
0.000000
20
0.000000
66
1
0
VERTEX
8
Layer 1
10
67.748150
20
159.291156
70
0
0
VERTEX
8
Layer 1
10
37.466626
20
159.291156
70
0
0
SEQEND
8
Layer 1
0
POLYLINE
8
Layer 1
62
7
70
0
10
0.000000
20
0.000000
66
1
0
VERTEX
8
Layer 1
10
37.466626
20
159.291156
70
0
0
VERTEX
8
Layer 1
10
37.466626
20
163.291122
70
0
0
SEQEND
8
Layer 1
0
POLYLINE
8
Layer 1
62
7
70
0
10
0.000000
20
0.000000
66
1
0
VERTEX
8
Layer 1
10
218.646093
20
148.644716
70
0
0
VERTEX
8
Layer 1
10
218.646093
20
136.478026
70
0
0
SEQEND
8
Layer 1
0
POLYLINE
8
Layer 1
62
7
70
0
10
0.000000
20
0.000000
66
1
0
VERTEX
8
Layer 1
10
218.646093
20
136.478026
70
0
0
VERTEX
8
Layer 1
10
222.643942
20
136.478026
70
0
0
SEQEND
8
Layer 1
0
POLYLINE
8
Layer 1
62
7
70
0
10
0.000000
20
0.000000
66
1
0
VERTEX
8
Layer 1
10
222.643942
20
136.478026
70
0
0
VERTEX
8
Layer 1
10
222.643942
20
124.311441
70
0
0
SEQEND
8
Layer 1
0
POLYLINE
8
Layer 1
62
7
70
0
10
0.000000
20
0.000000
66
1
0
VERTEX
8
Layer 1
10
222.643942
20
124.311441
70
0
0
VERTEX
8
Layer 1
10
218.646093
20
124.311441
70
0
0
SEQEND
8
Layer 1
0
POLYLINE
8
Layer 1
62
7
70
0
10
0.000000
20
0.000000
66
1
0
VERTEX
8
Layer 1
10
218.646093
20
124.311441
70
0
0
VERTEX
8
Layer 1
10
218.646093
20
112.144698
70
0
0
SEQEND
8
Layer 1
0
POLYLINE
8
Layer 1
62
7
70
0
10
0.000000
20
0.000000
66
1
0
VERTEX
8
Layer 1
10
218.646093
20
112.144698
70
0
0
VERTEX
8
Layer 1
10
222.643942
20
112.144698
70
0
0
SEQEND
8
Layer 1
0
POLYLINE
8
Layer 1
62
7
70
0
10
0.000000
20
0.000000
66
1
0
VERTEX
8
Layer 1
10
222.643942
20
112.144698
70
0
0
VERTEX
8
Layer 1
10
222.643942
20
99.978113
70
0
0
SEQEND
8
Layer 1
0
POLYLINE
8
Layer 1
62
7
70
0
10
0.000000
20
0.000000
66
1
0
VERTEX
8
Layer 1
10
222.643942
20
99.978113
70
0
0
VERTEX
8
Layer 1
10
218.646093
20
99.978113
70
0
0
SEQEND
8
Layer 1
0
POLYLINE
8
Layer 1
62
7
70
0
10
0.000000
20
0.000000
66
1
0
VERTEX
8
Layer 1
10
218.646093
20
99.978113
70
0
0
VERTEX
8
Layer 1
10
218.646093
20
87.811528
70
0
0
SEQEND
8
Layer 1
0
POLYLINE
8
Layer 1
62
7
70
0
10
0.000000
20
0.000000
66
1
0
VERTEX
8
Layer 1
10
218.646093
20
87.811528
70
0
0
VERTEX
8
Layer 1
10
222.643942
20
87.811528
70
0
0
SEQEND
8
Layer 1
0
POLYLINE
8
Layer 1
62
7
70
0
10
0.000000
20
0.000000
66
1
0
VERTEX
8
Layer 1
10
222.643942
20
87.811528
70
0
0
VERTEX
8
Layer 1
10
222.643942
20
75.644679
70
0
0
SEQEND
8
Layer 1
0
POLYLINE
8
Layer 1
62
7
70
0
10
0.000000
20
0.000000
66
1
0
VERTEX
8
Layer 1
10
222.643942
20
75.644679
70
0
0
VERTEX
8
Layer 1
10
218.646093
20
75.644679
70
0
0
SEQEND
8
Layer 1
0
POLYLINE
8
Layer 1
62
7
70
0
10
0.000000
20
0.000000
66
1
0
VERTEX
8
Layer 1
10
218.646093
20
75.644679
70
0
0
VERTEX
8
Layer 1
10
218.646093
20
63.478094
70
0
0
SEQEND
8
Layer 1
0
POLYLINE
8
Layer 1
62
7
70
0
10
0.000000
20
0.000000
66
1
0
VERTEX
8
Layer 1
10
218.646093
20
63.478094
70
0
0
VERTEX
8
Layer 1
10
222.643942
20
63.478094
70
0
0
SEQEND
8
Layer 1
0
POLYLINE
8
Layer 1
62
7
70
0
10
0.000000
20
0.000000
66
1
0
VERTEX
8
Layer 1
10
222.643942
20
63.478094
70
0
0
VERTEX
8
Layer 1
10
222.643942
20
51.311510
70
0
0
SEQEND
8
Layer 1
0
POLYLINE
8
Layer 1
62
7
70
0
10
0.000000
20
0.000000
66
1
0
VERTEX
8
Layer 1
10
222.643942
20
51.311510
70
0
0
VERTEX
8
Layer 1
10
218.646093
20
51.311510
70
0
0
SEQEND
8
Layer 1
0
POLYLINE
8
Layer 1
62
7
70
0
10
0.000000
20
0.000000
66
1
0
VERTEX
8
Layer 1
10
218.646093
20
51.311510
70
0
0
VERTEX
8
Layer 1
10
218.646093
20
39.144925
70
0
0
SEQEND
8
Layer 1
0
POLYLINE
8
Layer 1
62
7
70
0
10
0.000000
20
0.000000
66
1
0
VERTEX
8
Layer 1
10
218.646093
20
39.144925
70
0
0
VERTEX
8
Layer 1
10
222.643942
20
39.144925
70
0
0
SEQEND
8
Layer 1
0
POLYLINE
8
Layer 1
62
7
70
0
10
0.000000
20
0.000000
66
1
0
VERTEX
8
Layer 1
10
222.643942
20
39.144925
70
0
0
VERTEX
8
Layer 1
10
222.643942
20
26.977811
70
0
0
SEQEND
8
Layer 1
0
POLYLINE
8
Layer 1
62
7
70
0
10
0.000000
20
0.000000
66
1
0
VERTEX
8
Layer 1
10
222.643942
20
26.977811
70
0
0
VERTEX
8
Layer 1
10
218.646093
20
26.977811
70
0
0
SEQEND
8
Layer 1
0
POLYLINE
8
Layer 1
62
7
70
0
10
0.000000
20
0.000000
66
1
0
VERTEX
8
Layer 1
10
218.646093
20
26.977811
70
0
0
VERTEX
8
Layer 1
10
218.646093
20
14.811756
70
0
0
SEQEND
8
Layer 1
0
POLYLINE
8
Layer 1
62
7
70
0
10
0.000000
20
0.000000
66
1
0
VERTEX
8
Layer 1
10
218.646093
20
14.811756
70
0
0
VERTEX
8
Layer 1
10
222.643942
20
14.811756
70
0
0
SEQEND
8
Layer 1
0
POLYLINE
8
Layer 1
62
7
70
0
10
0.000000
20
0.000000
66
1
0
VERTEX
8
Layer 1
10
222.643942
20
14.811756
70
0
0
VERTEX
8
Layer 1
10
222.643942
20
2.644906
70
0
0
SEQEND
8
Layer 1
0
POLYLINE
8
Layer 1
62
7
70
0
10
0.000000
20
0.000000
66
1
0
VERTEX
8
Layer 1
10
222.643942
20
2.644906
70
0
0
VERTEX
8
Layer 1
10
2.645823
20
2.644906
70
0
0
SEQEND
8
Layer 1
0
POLYLINE
8
Layer 1
62
7
70
0
10
0.000000
20
0.000000
66
1
0
VERTEX
8
Layer 1
10
2.645823
20
2.644906
70
0
0
VERTEX
8
Layer 1
10
2.645823
20
14.811756
70
0
0
SEQEND
8
Layer 1
0
POLYLINE
8
Layer 1
62
7
70
0
10
0.000000
20
0.000000
66
1
0
VERTEX
8
Layer 1
10
2.645823
20
14.811756
70
0
0
VERTEX
8
Layer 1
10
6.646318
20
14.811756
70
0
0
SEQEND
8
Layer 1
0
POLYLINE
8
Layer 1
62
7
70
0
10
0.000000
20
0.000000
66
1
0
VERTEX
8
Layer 1
10
6.646318
20
14.811756
70
0
0
VERTEX
8
Layer 1
10
6.646318
20
26.977811
70
0
0
SEQEND
8
Layer 1
0
POLYLINE
8
Layer 1
62
7
70
0
10
0.000000
20
0.000000
66
1
0
VERTEX
8
Layer 1
10
6.646318
20
26.977811
70
0
0
VERTEX
8
Layer 1
10
2.645823
20
26.977811
70
0
0
SEQEND
8
Layer 1
0
POLYLINE
8
Layer 1
62
7
70
0
10
0.000000
20
0.000000
66
1
0
VERTEX
8
Layer 1
10
2.645823
20
26.977811
70
0
0
VERTEX
8
Layer 1
10
2.645823
20
39.144925
70
0
0
SEQEND
8
Layer 1
0
POLYLINE
8
Layer 1
62
7
70
0
10
0.000000
20
0.000000
66
1
0
VERTEX
8
Layer 1
10
2.645823
20
39.144925
70
0
0
VERTEX
8
Layer 1
10
6.646318
20
39.144925
70
0
0
SEQEND
8
Layer 1
0
POLYLINE
8
Layer 1
62
7
70
0
10
0.000000
20
0.000000
66
1
0
VERTEX
8
Layer 1
10
6.646318
20
39.144925
70
0
0
VERTEX
8
Layer 1
10
6.646318
20
51.311510
70
0
0
SEQEND
8
Layer 1
0
POLYLINE
8
Layer 1
62
7
70
0
10
0.000000
20
0.000000
66
1
0
VERTEX
8
Layer 1
10
6.646318
20
51.311510
70
0
0
VERTEX
8
Layer 1
10
2.645823
20
51.311510
70
0
0
SEQEND
8
Layer 1
0
POLYLINE
8
Layer 1
62
7
70
0
10
0.000000
20
0.000000
66
1
0
VERTEX
8
Layer 1
10
2.645823
20
51.311510
70
0
0
VERTEX
8
Layer 1
10
2.645823
20
63.478094
70
0
0
SEQEND
8
Layer 1
0
POLYLINE
8
Layer 1
62
7
70
0
10
0.000000
20
0.000000
66
1
0
VERTEX
8
Layer 1
10
2.645823
20
63.478094
70
0
0
VERTEX
8
Layer 1
10
6.646318
20
63.478094
70
0
0
SEQEND
8
Layer 1
0
POLYLINE
8
Layer 1
62
7
70
0
10
0.000000
20
0.000000
66
1
0
VERTEX
8
Layer 1
10
6.646318
20
63.478094
70
0
0
VERTEX
8
Layer 1
10
6.646318
20
75.644679
70
0
0
SEQEND
8
Layer 1
0
POLYLINE
8
Layer 1
62
7
70
0
10
0.000000
20
0.000000
66
1
0
VERTEX
8
Layer 1
10
6.646318
20
75.644679
70
0
0
VERTEX
8
Layer 1
10
2.645823
20
75.644679
70
0
0
SEQEND
8
Layer 1
0
POLYLINE
8
Layer 1
62
7
70
0
10
0.000000
20
0.000000
66
1
0
VERTEX
8
Layer 1
10
2.645823
20
75.644679
70
0
0
VERTEX
8
Layer 1
10
2.645823
20
87.811528
70
0
0
SEQEND
8
Layer 1
0
POLYLINE
8
Layer 1
62
7
70
0
10
0.000000
20
0.000000
66
1
0
VERTEX
8
Layer 1
10
2.645823
20
87.811528
70
0
0
VERTEX
8
Layer 1
10
6.646318
20
87.811528
70
0
0
SEQEND
8
Layer 1
0
POLYLINE
8
Layer 1
62
7
70
0
10
0.000000
20
0.000000
66
1
0
VERTEX
8
Layer 1
10
6.646318
20
87.811528
70
0
0
VERTEX
8
Layer 1
10
6.646318
20
99.978113
70
0
0
SEQEND
8
Layer 1
0
POLYLINE
8
Layer 1
62
7
70
0
10
0.000000
20
0.000000
66
1
0
VERTEX
8
Layer 1
10
6.646318
20
99.978113
70
0
0
VERTEX
8
Layer 1
10
2.645823
20
99.978113
70
0
0
SEQEND
8
Layer 1
0
POLYLINE
8
Layer 1
62
7
70
0
10
0.000000
20
0.000000
66
1
0
VERTEX
8
Layer 1
10
2.645823
20
99.978113
70
0
0
VERTEX
8
Layer 1
10
2.645823
20
112.144698
70
0
0
SEQEND
8
Layer 1
0
POLYLINE
8
Layer 1
62
7
70
0
10
0.000000
20
0.000000
66
1
0
VERTEX
8
Layer 1
10
2.645823
20
112.144698
70
0
0
VERTEX
8
Layer 1
10
6.646318
20
112.144698
70
0
0
SEQEND
8
Layer 1
0
POLYLINE
8
Layer 1
62
7
70
0
10
0.000000
20
0.000000
66
1
0
VERTEX
8
Layer 1
10
6.646318
20
112.144698
70
0
0
VERTEX
8
Layer 1
10
6.646318
20
124.311441
70
0
0
SEQEND
8
Layer 1
0
POLYLINE
8
Layer 1
62
7
70
0
10
0.000000
20
0.000000
66
1
0
VERTEX
8
Layer 1
10
6.646318
20
124.311441
70
0
0
VERTEX
8
Layer 1
10
2.645823
20
124.311441
70
0
0
SEQEND
8
Layer 1
0
POLYLINE
8
Layer 1
62
7
70
0
10
0.000000
20
0.000000
66
1
0
VERTEX
8
Layer 1
10
2.645823
20
124.311441
70
0
0
VERTEX
8
Layer 1
10
2.645823
20
136.478026
70
0
0
SEQEND
8
Layer 1
0
POLYLINE
8
Layer 1
62
7
70
0
10
0.000000
20
0.000000
66
1
0
VERTEX
8
Layer 1
10
2.645823
20
136.478026
70
0
0
VERTEX
8
Layer 1
10
6.646318
20
136.478026
70
0
0
SEQEND
8
Layer 1
0
POLYLINE
8
Layer 1
62
7
70
0
10
0.000000
20
0.000000
66
1
0
VERTEX
8
Layer 1
10
6.646318
20
136.478026
70
0
0
VERTEX
8
Layer 1
10
6.646318
20
148.644716
70
0
0
SEQEND
8
Layer 1
0
POLYLINE
8
Layer 1
62
7
70
0
10
0.000000
20
0.000000
66
1
0
VERTEX
8
Layer 1
10
6.646318
20
148.644716
70
0
0
VERTEX
8
Layer 1
10
24.315171
20
148.644716
70
0
0
SEQEND
8
Layer 1
0
POLYLINE
8
Layer 1
62
7
70
0
10
0.000000
20
0.000000
66
1
0
VERTEX
8
Layer 1
10
24.315171
20
148.644716
70
0
0
VERTEX
8
Layer 1
10
24.315171
20
152.644708
70
0
0
SEQEND
8
Layer 1
0
POLYLINE
8
Layer 1
62
7
70
0
10
0.000000
20
0.000000
66
1
0
VERTEX
8
Layer 1
10
24.315171
20
152.644708
70
0
0
VERTEX
8
Layer 1
10
41.976086
20
152.644708
70
0
0
SEQEND
8
Layer 1
0
POLYLINE
8
Layer 1
62
7
70
0
10
0.000000
20
0.000000
66
1
0
VERTEX
8
Layer 1
10
41.976086
20
152.644708
70
0
0
VERTEX
8
Layer 1
10
41.976086
20
148.644716
70
0
0
SEQEND
8
Layer 1
0
POLYLINE
8
Layer 1
62
7
70
0
10
0.000000
20
0.000000
66
1
0
VERTEX
8
Layer 1
10
41.976086
20
148.644716
70
0
0
VERTEX
8
Layer 1
10
59.644939
20
148.644716
70
0
0
SEQEND
8
Layer 1
0
POLYLINE
8
Layer 1
62
7
70
0
10
0.000000
20
0.000000
66
1
0
VERTEX
8
Layer 1
10
59.644939
20
148.644716
70
0
0
VERTEX
8
Layer 1
10
59.644939
20
152.644708
70
0
0
SEQEND
8
Layer 1
0
POLYLINE
8
Layer 1
62
7
70
0
10
0.000000
20
0.000000
66
1
0
VERTEX
8
Layer 1
10
59.644939
20
152.644708
70
0
0
VERTEX
8
Layer 1
10
77.311146
20
152.644708
70
0
0
SEQEND
8
Layer 1
0
POLYLINE
8
Layer 1
62
7
70
0
10
0.000000
20
0.000000
66
1
0
VERTEX
8
Layer 1
10
77.311146
20
152.644708
70
0
0
VERTEX
8
Layer 1
10
77.311146
20
148.644716
70
0
0
SEQEND
8
Layer 1
0
POLYLINE
8
Layer 1
62
7
70
0
10
0.000000
20
0.000000
66
1
0
VERTEX
8
Layer 1
10
77.311146
20
148.644716
70
0
0
VERTEX
8
Layer 1
10
94.977353
20
148.644716
70
0
0
SEQEND
8
Layer 1
0
POLYLINE
8
Layer 1
62
7
70
0
10
0.000000
20
0.000000
66
1
0
VERTEX
8
Layer 1
10
94.977353
20
148.644716
70
0
0
VERTEX
8
Layer 1
10
94.977353
20
152.644708
70
0
0
SEQEND
8
Layer 1
0
POLYLINE
8
Layer 1
62
7
70
0
10
0.000000
20
0.000000
66
1
0
VERTEX
8
Layer 1
10
94.977353
20
152.644708
70
0
0
VERTEX
8
Layer 1
10
112.646206
20
152.644708
70
0
0
SEQEND
8
Layer 1
0
POLYLINE
8
Layer 1
62
7
70
0
10
0.000000
20
0.000000
66
1
0
VERTEX
8
Layer 1
10
112.646206
20
152.644708
70
0
0
VERTEX
8
Layer 1
10
112.646206
20
148.644716
70
0
0
SEQEND
8
Layer 1
0
POLYLINE
8
Layer 1
62
7
70
0
10
0.000000
20
0.000000
66
1
0
VERTEX
8
Layer 1
10
112.646206
20
148.644716
70
0
0
VERTEX
8
Layer 1
10
130.312412
20
148.644716
70
0
0
SEQEND
8
Layer 1
0
POLYLINE
8
Layer 1
62
7
70
0
10
0.000000
20
0.000000
66
1
0
VERTEX
8
Layer 1
10
130.312412
20
148.644716
70
0
0
VERTEX
8
Layer 1
10
130.312412
20
152.644708
70
0
0
SEQEND
8
Layer 1
0
POLYLINE
8
Layer 1
62
7
70
0
10
0.000000
20
0.000000
66
1
0
VERTEX
8
Layer 1
10
130.312412
20
152.644708
70
0
0
VERTEX
8
Layer 1
10
147.978619
20
152.644708
70
0
0
SEQEND
8
Layer 1
0
POLYLINE
8
Layer 1
62
7
70
0
10
0.000000
20
0.000000
66
1
0
VERTEX
8
Layer 1
10
147.978619
20
152.644708
70
0
0
VERTEX
8
Layer 1
10
147.978619
20
148.644716
70
0
0
SEQEND
8
Layer 1
0
POLYLINE
8
Layer 1
62
7
70
0
10
0.000000
20
0.000000
66
1
0
VERTEX
8
Layer 1
10
147.978619
20
148.644716
70
0
0
VERTEX
8
Layer 1
10
165.644826
20
148.644716
70
0
0
SEQEND
8
Layer 1
0
POLYLINE
8
Layer 1
62
7
70
0
10
0.000000
20
0.000000
66
1
0
VERTEX
8
Layer 1
10
165.644826
20
148.644716
70
0
0
VERTEX
8
Layer 1
10
165.644826
20
152.644708
70
0
0
SEQEND
8
Layer 1
0
POLYLINE
8
Layer 1
62
7
70
0
10
0.000000
20
0.000000
66
1
0
VERTEX
8
Layer 1
10
165.644826
20
152.644708
70
0
0
VERTEX
8
Layer 1
10
183.311033
20
152.644708
70
0
0
SEQEND
8
Layer 1
0
POLYLINE
8
Layer 1
62
7
70
0
10
0.000000
20
0.000000
66
1
0
VERTEX
8
Layer 1
10
183.311033
20
152.644708
70
0
0
VERTEX
8
Layer 1
10
183.311033
20
148.644716
70
0
0
SEQEND
8
Layer 1
0
POLYLINE
8
Layer 1
62
7
70
0
10
0.000000
20
0.000000
66
1
0
VERTEX
8
Layer 1
10
183.311033
20
148.644716
70
0
0
VERTEX
8
Layer 1
10
200.977240
20
148.644716
70
0
0
SEQEND
8
Layer 1
0
POLYLINE
8
Layer 1
62
7
70
0
10
0.000000
20
0.000000
66
1
0
VERTEX
8
Layer 1
10
200.977240
20
148.644716
70
0
0
VERTEX
8
Layer 1
10
200.977240
20
152.644708
70
0
0
SEQEND
8
Layer 1
0
POLYLINE
8
Layer 1
62
7
70
0
10
0.000000
20
0.000000
66
1
0
VERTEX
8
Layer 1
10
200.977240
20
152.644708
70
0
0
VERTEX
8
Layer 1
10
222.643942
20
152.644708
70
0
0
SEQEND
8
Layer 1
0
POLYLINE
8
Layer 1
62
7
70
0
10
0.000000
20
0.000000
66
1
0
VERTEX
8
Layer 1
10
222.643942
20
152.644708
70
0
0
VERTEX
8
Layer 1
10
222.643942
20
148.644716
70
0
0
SEQEND
8
Layer 1
0
POLYLINE
8
Layer 1
62
7
70
0
10
0.000000
20
0.000000
66
1
0
VERTEX
8
Layer 1
10
222.643942
20
148.644716
70
0
0
VERTEX
8
Layer 1
10
218.646093
20
148.644716
70
0
0
SEQEND
8
Layer 1
0
POLYLINE
8
Layer 1
62
7
70
0
10
0.000000
20
0.000000
66
1
0
VERTEX
8
Layer 1
10
37.835362
20
34.900749
70
0
0
VERTEX
8
Layer 1
10
37.795675
20
35.153955
70
0
0
SEQEND
8
Layer 1
0
POLYLINE
8
Layer 1
62
7
70
0
10
0.000000
20
0.000000
66
1
0
VERTEX
8
Layer 1
10
37.795675
20
35.153955
70
0
0
VERTEX
8
Layer 1
10
37.724237
20
35.401869
70
0
0
SEQEND
8
Layer 1
0
POLYLINE
8
Layer 1
62
7
70
0
10
0.000000
20
0.000000
66
1
0
VERTEX
8
Layer 1
10
37.724237
20
35.401869
70
0
0
VERTEX
8
Layer 1
10
37.634279
20
35.641846
70
0
0
SEQEND
8
Layer 1
0
POLYLINE
8
Layer 1
62
7
70
0
10
0.000000
20
0.000000
66
1
0
VERTEX
8
Layer 1
10
37.634279
20
35.641846
70
0
0
VERTEX
8
Layer 1
10
37.515217
20
35.869917
70
0
0
SEQEND
8
Layer 1
0
POLYLINE
8
Layer 1
62
7
70
0
10
0.000000
20
0.000000
66
1
0
VERTEX
8
Layer 1
10
37.515217
20
35.869917
70
0
0
VERTEX
8
Layer 1
10
37.374988
20
36.084758
70
0
0
SEQEND
8
Layer 1
0
POLYLINE
8
Layer 1
62
7
70
0
10
0.000000
20
0.000000
66
1
0
VERTEX
8
Layer 1
10
37.374988
20
36.084758
70
0
0
VERTEX
8
Layer 1
10
37.216238
20
36.283989
70
0
0
SEQEND
8
Layer 1
0
POLYLINE
8
Layer 1
62
7
70
0
10
0.000000
20
0.000000
66
1
0
VERTEX
8
Layer 1
10
37.216238
20
36.283989
70
0
0
VERTEX
8
Layer 1
10
37.036322
20
36.465758
70
0
0
SEQEND
8
Layer 1
0
POLYLINE
8
Layer 1
62
7
70
0
10
0.000000
20
0.000000
66
1
0
VERTEX
8
Layer 1
10
37.036322
20
36.465758
70
0
0
VERTEX
8
Layer 1
10
36.835239
20
36.626889
70
0
0
SEQEND
8
Layer 1
0
POLYLINE
8
Layer 1
62
7
70
0
10
0.000000
20
0.000000
66
1
0
VERTEX
8
Layer 1
10
36.835239
20
36.626889
70
0
0
VERTEX
8
Layer 1
10
36.615635
20
36.766853
70
0
0
SEQEND
8
Layer 1
0
POLYLINE
8
Layer 1
62
7
70
0
10
0.000000
20
0.000000
66
1
0
VERTEX
8
Layer 1
10
36.615635
20
36.766853
70
0
0
VERTEX
8
Layer 1
10
36.396031
20
36.882740
70
0
0
SEQEND
8
Layer 1
0
POLYLINE
8
Layer 1
62
7
70
0
10
0.000000
20
0.000000
66
1
0
VERTEX
8
Layer 1
10
36.396031
20
36.882740
70
0
0
VERTEX
8
Layer 1
10
36.155260
20
36.974815
70
0
0
SEQEND
8
Layer 1
0
POLYLINE
8
Layer 1
62
7
70
0
10
0.000000
20
0.000000
66
1
0
VERTEX
8
Layer 1
10
36.155260
20
36.974815
70
0
0
VERTEX
8
Layer 1
10
35.903906
20
37.040961
70
0
0
SEQEND
8
Layer 1
0
POLYLINE
8
Layer 1
62
7
70
0
10
0.000000
20
0.000000
66
1
0
VERTEX
8
Layer 1
10
35.903906
20
37.040961
70
0
0
VERTEX
8
Layer 1
10
35.655198
20
37.081971
70
0
0
SEQEND
8
Layer 1
0
POLYLINE
8
Layer 1
62
7
70
0
10
0.000000
20
0.000000
66
1
0
VERTEX
8
Layer 1
10
35.655198
20
37.081971
70
0
0
VERTEX
8
Layer 1
10
35.395907
20
37.094936
70
0
0
SEQEND
8
Layer 1
0
POLYLINE
8
Layer 1
62
7
70
0
10
0.000000
20
0.000000
66
1
0
VERTEX
8
Layer 1
10
35.395907
20
37.094936
70
0
0
VERTEX
8
Layer 1
10
35.133970
20
37.081971
70
0
0
SEQEND
8
Layer 1
0
POLYLINE
8
Layer 1
62
7
70
0
10
0.000000
20
0.000000
66
1
0
VERTEX
8
Layer 1
10
35.133970
20
37.081971
70
0
0
VERTEX
8
Layer 1
10
34.885262
20
37.040961
70
0
0
SEQEND
8
Layer 1
0
POLYLINE
8
Layer 1
62
7
70
0
10
0.000000
20
0.000000
66
1
0
VERTEX
8
Layer 1
10
34.885262
20
37.040961
70
0
0
VERTEX
8
Layer 1
10
34.633908
20
36.974815
70
0
0
SEQEND
8
Layer 1
0
POLYLINE
8
Layer 1
62
7
70
0
10
0.000000
20
0.000000
66
1
0
VERTEX
8
Layer 1
10
34.633908
20
36.974815
70
0
0
VERTEX
8
Layer 1
10
34.395783
20
36.882740
70
0
0
SEQEND
8
Layer 1
0
POLYLINE
8
Layer 1
62
7
70
0
10
0.000000
20
0.000000
66
1
0
VERTEX
8
Layer 1
10
34.395783
20
36.882740
70
0
0
VERTEX
8
Layer 1
10
34.176179
20
36.766853
70
0
0
SEQEND
8
Layer 1
0
POLYLINE
8
Layer 1
62
7
70
0
10
0.000000
20
0.000000
66
1
0
VERTEX
8
Layer 1
10
34.176179
20
36.766853
70
0
0
VERTEX
8
Layer 1
10
33.953930
20
36.626889
70
0
0
SEQEND
8
Layer 1
0
POLYLINE
8
Layer 1
62
7
70
0
10
0.000000
20
0.000000
66
1
0
VERTEX
8
Layer 1
10
33.953930
20
36.626889
70
0
0
VERTEX
8
Layer 1
10
33.755492
20
36.465758
70
0
0
SEQEND
8
Layer 1
0
POLYLINE
8
Layer 1
62
7
70
0
10
0.000000
20
0.000000
66
1
0
VERTEX
8
Layer 1
10
33.755492
20
36.465758
70
0
0
VERTEX
8
Layer 1
10
33.575576
20
36.283989
70
0
0
SEQEND
8
Layer 1
0
POLYLINE
8
Layer 1
62
7
70
0
10
0.000000
20
0.000000
66
1
0
VERTEX
8
Layer 1
10
33.575576
20
36.283989
70
0
0
VERTEX
8
Layer 1
10
33.414180
20
36.084758
70
0
0
SEQEND
8
Layer 1
0
POLYLINE
8
Layer 1
62
7
70
0
10
0.000000
20
0.000000
66
1
0
VERTEX
8
Layer 1
10
33.414180
20
36.084758
70
0
0
VERTEX
8
Layer 1
10
33.273951
20
35.869917
70
0
0
SEQEND
8
Layer 1
0
POLYLINE
8
Layer 1
62
7
70
0
10
0.000000
20
0.000000
66
1
0
VERTEX
8
Layer 1
10
33.273951
20
35.869917
70
0
0
VERTEX
8
Layer 1
10
33.154889
20
35.641846
70
0
0
SEQEND
8
Layer 1
0
POLYLINE
8
Layer 1
62
7
70
0
10
0.000000
20
0.000000
66
1
0
VERTEX
8
Layer 1
10
33.154889
20
35.641846
70
0
0
VERTEX
8
Layer 1
10
33.064931
20
35.401869
70
0
0
SEQEND
8
Layer 1
0
POLYLINE
8
Layer 1
62
7
70
0
10
0.000000
20
0.000000
66
1
0
VERTEX
8
Layer 1
10
33.064931
20
35.401869
70
0
0
VERTEX
8
Layer 1
10
32.996139
20
35.153955
70
0
0
SEQEND
8
Layer 1
0
POLYLINE
8
Layer 1
62
7
70
0
10
0.000000
20
0.000000
66
1
0
VERTEX
8
Layer 1
10
32.996139
20
35.153955
70
0
0
VERTEX
8
Layer 1
10
32.956452
20
34.900749
70
0
0
SEQEND
8
Layer 1
0
POLYLINE
8
Layer 1
62
7
70
0
10
0.000000
20
0.000000
66
1
0
VERTEX
8
Layer 1
10
32.956452
20
34.900749
70
0
0
VERTEX
8
Layer 1
10
32.945868
20
34.644897
70
0
0
SEQEND
8
Layer 1
0
POLYLINE
8
Layer 1
62
7
70
0
10
0.000000
20
0.000000
66
1
0
VERTEX
8
Layer 1
10
32.945868
20
34.644897
70
0
0
VERTEX
8
Layer 1
10
32.956452
20
34.388781
70
0
0
SEQEND
8
Layer 1
0
POLYLINE
8
Layer 1
62
7
70
0
10
0.000000
20
0.000000
66
1
0
VERTEX
8
Layer 1
10
32.956452
20
34.388781
70
0
0
VERTEX
8
Layer 1
10
32.996139
20
34.135840
70
0
0
SEQEND
8
Layer 1
0
POLYLINE
8
Layer 1
62
7
70
0
10
0.000000
20
0.000000
66
1
0
VERTEX
8
Layer 1
10
32.996139
20
34.135840
70
0
0
VERTEX
8
Layer 1
10
33.064931
20
33.887925
70
0
0
SEQEND
8
Layer 1
0
POLYLINE
8
Layer 1
62
7
70
0
10
0.000000
20
0.000000
66
1
0
VERTEX
8
Layer 1
10
33.064931
20
33.887925
70
0
0
VERTEX
8
Layer 1
10
33.154889
20
33.647949
70
0
0
SEQEND
8
Layer 1
0
POLYLINE
8
Layer 1
62
7
70
0
10
0.000000
20
0.000000
66
1
0
VERTEX
8
Layer 1
10
33.154889
20
33.647949
70
0
0
VERTEX
8
Layer 1
10
33.273951
20
33.419878
70
0
0
SEQEND
8
Layer 1
0
POLYLINE
8
Layer 1
62
7
70
0
10
0.000000
20
0.000000
66
1
0
VERTEX
8
Layer 1
10
33.273951
20
33.419878
70
0
0
VERTEX
8
Layer 1
10
33.414180
20
33.204772
70
0
0
SEQEND
8
Layer 1
0
POLYLINE
8
Layer 1
62
7
70
0
10
0.000000
20
0.000000
66
1
0
VERTEX
8
Layer 1
10
33.414180
20
33.204772
70
0
0
VERTEX
8
Layer 1
10
33.575576
20
33.005806
70
0
0
SEQEND
8
Layer 1
0
POLYLINE
8
Layer 1
62
7
70
0
10
0.000000
20
0.000000
66
1
0
VERTEX
8
Layer 1
10
33.575576
20
33.005806
70
0
0
VERTEX
8
Layer 1
10
33.755492
20
32.823773
70
0
0
SEQEND
8
Layer 1
0
POLYLINE
8
Layer 1
62
7
70
0
10
0.000000
20
0.000000
66
1
0
VERTEX
8
Layer 1
10
33.755492
20
32.823773
70
0
0
VERTEX
8
Layer 1
10
33.953930
20
32.662906
70
0
0
SEQEND
8
Layer 1
0
POLYLINE
8
Layer 1
62
7
70
0
10
0.000000
20
0.000000
66
1
0
VERTEX
8
Layer 1
10
33.953930
20
32.662906
70
0
0
VERTEX
8
Layer 1
10
34.176179
20
32.522942
70
0
0
SEQEND
8
Layer 1
0
POLYLINE
8
Layer 1
62
7
70
0
10
0.000000
20
0.000000
66
1
0
VERTEX
8
Layer 1
10
34.176179
20
32.522942
70
0
0
VERTEX
8
Layer 1
10
34.395783
20
32.406790
70
0
0
SEQEND
8
Layer 1
0
POLYLINE
8
Layer 1
62
7
70
0
10
0.000000
20
0.000000
66
1
0
VERTEX
8
Layer 1
10
34.395783
20
32.406790
70
0
0
VERTEX
8
Layer 1
10
34.633908
20
32.314979
70
0
0
SEQEND
8
Layer 1
0
POLYLINE
8
Layer 1
62
7
70
0
10
0.000000
20
0.000000
66
1
0
VERTEX
8
Layer 1
10
34.633908
20
32.314979
70
0
0
VERTEX
8
Layer 1
10
34.885262
20
32.248834
70
0
0
SEQEND
8
Layer 1
0
POLYLINE
8
Layer 1
62
7
70
0
10
0.000000
20
0.000000
66
1
0
VERTEX
8
Layer 1
10
34.885262
20
32.248834
70
0
0
VERTEX
8
Layer 1
10
35.133970
20
32.207823
70
0
0
SEQEND
8
Layer 1
0
POLYLINE
8
Layer 1
62
7
70
0
10
0.000000
20
0.000000
66
1
0
VERTEX
8
Layer 1
10
35.133970
20
32.207823
70
0
0
VERTEX
8
Layer 1
10
35.395907
20
32.194859
70
0
0
SEQEND
8
Layer 1
0
POLYLINE
8
Layer 1
62
7
70
0
10
0.000000
20
0.000000
66
1
0
VERTEX
8
Layer 1
10
35.395907
20
32.194859
70
0
0
VERTEX
8
Layer 1
10
35.655198
20
32.207823
70
0
0
SEQEND
8
Layer 1
0
POLYLINE
8
Layer 1
62
7
70
0
10
0.000000
20
0.000000
66
1
0
VERTEX
8
Layer 1
10
35.655198
20
32.207823
70
0
0
VERTEX
8
Layer 1
10
35.903906
20
32.248834
70
0
0
SEQEND
8
Layer 1
0
POLYLINE
8
Layer 1
62
7
70
0
10
0.000000
20
0.000000
66
1
0
VERTEX
8
Layer 1
10
35.903906
20
32.248834
70
0
0
VERTEX
8
Layer 1
10
36.155260
20
32.314979
70
0
0
SEQEND
8
Layer 1
0
POLYLINE
8
Layer 1
62
7
70
0
10
0.000000
20
0.000000
66
1
0
VERTEX
8
Layer 1
10
36.155260
20
32.314979
70
0
0
VERTEX
8
Layer 1
10
36.396031
20
32.406790
70
0
0
SEQEND
8
Layer 1
0
POLYLINE
8
Layer 1
62
7
70
0
10
0.000000
20
0.000000
66
1
0
VERTEX
8
Layer 1
10
36.396031
20
32.406790
70
0
0
VERTEX
8
Layer 1
10
36.615635
20
32.522942
70
0
0
SEQEND
8
Layer 1
0
POLYLINE
8
Layer 1
62
7
70
0
10
0.000000
20
0.000000
66
1
0
VERTEX
8
Layer 1
10
36.615635
20
32.522942
70
0
0
VERTEX
8
Layer 1
10
36.835239
20
32.662906
70
0
0
SEQEND
8
Layer 1
0
POLYLINE
8
Layer 1
62
7
70
0
10
0.000000
20
0.000000
66
1
0
VERTEX
8
Layer 1
10
36.835239
20
32.662906
70
0
0
VERTEX
8
Layer 1
10
37.036322
20
32.823773
70
0
0
SEQEND
8
Layer 1
0
POLYLINE
8
Layer 1
62
7
70
0
10
0.000000
20
0.000000
66
1
0
VERTEX
8
Layer 1
10
37.036322
20
32.823773
70
0
0
VERTEX
8
Layer 1
10
37.216238
20
33.005806
70
0
0
SEQEND
8
Layer 1
0
POLYLINE
8
Layer 1
62
7
70
0
10
0.000000
20
0.000000
66
1
0
VERTEX
8
Layer 1
10
37.216238
20
33.005806
70
0
0
VERTEX
8
Layer 1
10
37.374988
20
33.204772
70
0
0
SEQEND
8
Layer 1
0
POLYLINE
8
Layer 1
62
7
70
0
10
0.000000
20
0.000000
66
1
0
VERTEX
8
Layer 1
10
37.374988
20
33.204772
70
0
0
VERTEX
8
Layer 1
10
37.515217
20
33.419878
70
0
0
SEQEND
8
Layer 1
0
POLYLINE
8
Layer 1
62
7
70
0
10
0.000000
20
0.000000
66
1
0
VERTEX
8
Layer 1
10
37.515217
20
33.419878
70
0
0
VERTEX
8
Layer 1
10
37.634279
20
33.647949
70
0
0
SEQEND
8
Layer 1
0
POLYLINE
8
Layer 1
62
7
70
0
10
0.000000
20
0.000000
66
1
0
VERTEX
8
Layer 1
10
37.634279
20
33.647949
70
0
0
VERTEX
8
Layer 1
10
37.724237
20
33.887925
70
0
0
SEQEND
8
Layer 1
0
POLYLINE
8
Layer 1
62
7
70
0
10
0.000000
20
0.000000
66
1
0
VERTEX
8
Layer 1
10
37.724237
20
33.887925
70
0
0
VERTEX
8
Layer 1
10
37.795675
20
34.135840
70
0
0
SEQEND
8
Layer 1
0
POLYLINE
8
Layer 1
62
7
70
0
10
0.000000
20
0.000000
66
1
0
VERTEX
8
Layer 1
10
37.795675
20
34.135840
70
0
0
VERTEX
8
Layer 1
10
37.835362
20
34.388781
70
0
0
SEQEND
8
Layer 1
0
POLYLINE
8
Layer 1
62
7
70
0
10
0.000000
20
0.000000
66
1
0
VERTEX
8
Layer 1
10
37.835362
20
34.388781
70
0
0
VERTEX
8
Layer 1
10
37.845946
20
34.644897
70
0
0
SEQEND
8
Layer 1
0
POLYLINE
8
Layer 1
62
7
70
0
10
0.000000
20
0.000000
66
1
0
VERTEX
8
Layer 1
10
37.845946
20
34.644897
70
0
0
VERTEX
8
Layer 1
10
37.835362
20
34.900749
70
0
0
SEQEND
8
Layer 1
0
POLYLINE
8
Layer 1
62
7
70
0
10
0.000000
20
0.000000
66
1
0
VERTEX
8
Layer 1
10
67.217304
20
10.644838
70
0
0
VERTEX
8
Layer 1
10
36.935780
20
10.644838
70
0
0
SEQEND
8
Layer 1
0
POLYLINE
8
Layer 1
62
7
70
0
10
0.000000
20
0.000000
66
1
0
VERTEX
8
Layer 1
10
36.935780
20
10.644838
70
0
0
VERTEX
8
Layer 1
10
36.935780
20
6.644872
70
0
0
SEQEND
8
Layer 1
0
POLYLINE
8
Layer 1
62
7
70
0
10
0.000000
20
0.000000
66
1
0
VERTEX
8
Layer 1
10
36.935780
20
6.644872
70
0
0
VERTEX
8
Layer 1
10
67.217304
20
6.644872
70
0
0
SEQEND
8
Layer 1
0
POLYLINE
8
Layer 1
62
7
70
0
10
0.000000
20
0.000000
66
1
0
VERTEX
8
Layer 1
10
67.217304
20
6.644872
70
0
0
VERTEX
8
Layer 1
10
67.217304
20
10.644838
70
0
0
SEQEND
8
Layer 1
0
POLYLINE
8
Layer 1
62
7
70
0
10
0.000000
20
0.000000
66
1
0
VERTEX
8
Layer 1
10
45.455353
20
65.380975
70
0
0
VERTEX
8
Layer 1
10
45.415665
20
65.634181
70
0
0
SEQEND
8
Layer 1
0
POLYLINE
8
Layer 1
62
7
70
0
10
0.000000
20
0.000000
66
1
0
VERTEX
8
Layer 1
10
45.415665
20
65.634181
70
0
0
VERTEX
8
Layer 1
10
45.344228
20
65.881831
70
0
0
SEQEND
8
Layer 1
0
POLYLINE
8
Layer 1
62
7
70
0
10
0.000000
20
0.000000
66
1
0
VERTEX
8
Layer 1
10
45.344228
20
65.881831
70
0
0
VERTEX
8
Layer 1
10
45.254270
20
66.121279
70
0
0
SEQEND
8
Layer 1
0
POLYLINE
8
Layer 1
62
7
70
0
10
0.000000
20
0.000000
66
1
0
VERTEX
8
Layer 1
10
45.254270
20
66.121279
70
0
0
VERTEX
8
Layer 1
10
45.135207
20
66.349878
70
0
0
SEQEND
8
Layer 1
0
POLYLINE
8
Layer 1
62
7
70
0
10
0.000000
20
0.000000
66
1
0
VERTEX
8
Layer 1
10
45.135207
20
66.349878
70
0
0
VERTEX
8
Layer 1
10
44.994978
20
66.564984
70
0
0
SEQEND
8
Layer 1
0
POLYLINE
8
Layer 1
62
7
70
0
10
0.000000
20
0.000000
66
1
0
VERTEX
8
Layer 1
10
44.994978
20
66.564984
70
0
0
VERTEX
8
Layer 1
10
44.836229
20
66.764215
70
0
0
SEQEND
8
Layer 1
0
POLYLINE
8
Layer 1
62
7
70
0
10
0.000000
20
0.000000
66
1
0
VERTEX
8
Layer 1
10
44.836229
20
66.764215
70
0
0
VERTEX
8
Layer 1
10
44.656312
20
66.945455
70
0
0
SEQEND
8
Layer 1
0
POLYLINE
8
Layer 1
62
7
70
0
10
0.000000
20
0.000000
66
1
0
VERTEX
8
Layer 1
10
44.656312
20
66.945455
70
0
0
VERTEX
8
Layer 1
10
44.455229
20
67.106850
70
0
0
SEQEND
8
Layer 1
0
POLYLINE
8
Layer 1
62
7
70
0
10
0.000000
20
0.000000
66
1
0
VERTEX
8
Layer 1
10
44.455229
20
67.106850
70
0
0
VERTEX
8
Layer 1
10
44.235625
20
67.246550
70
0
0
SEQEND
8
Layer 1
0
POLYLINE
8
Layer 1
62
7
70
0
10
0.000000
20
0.000000
66
1
0
VERTEX
8
Layer 1
10
44.235625
20
67.246550
70
0
0
VERTEX
8
Layer 1
10
44.016021
20
67.362967
70
0
0
SEQEND
8
Layer 1
0
POLYLINE
8
Layer 1
62
7
70
0
10
0.000000
20
0.000000
66
1
0
VERTEX
8
Layer 1
10
44.016021
20
67.362967
70
0
0
VERTEX
8
Layer 1
10
43.775251
20
67.455041
70
0
0
SEQEND
8
Layer 1
0
POLYLINE
8
Layer 1
62
7
70
0
10
0.000000
20
0.000000
66
1
0
VERTEX
8
Layer 1
10
43.775251
20
67.455041
70
0
0
VERTEX
8
Layer 1
10
43.523897
20
67.521187
70
0
0
SEQEND
8
Layer 1
0
POLYLINE
8
Layer 1
62
7
70
0
10
0.000000
20
0.000000
66
1
0
VERTEX
8
Layer 1
10
43.523897
20
67.521187
70
0
0
VERTEX
8
Layer 1
10
43.275189
20
67.561404
70
0
0
SEQEND
8
Layer 1
0
POLYLINE
8
Layer 1
62
7
70
0
10
0.000000
20
0.000000
66
1
0
VERTEX
8
Layer 1
10
43.275189
20
67.561404
70
0
0
VERTEX
8
Layer 1
10
43.015897
20
67.574898
70
0
0
SEQEND
8
Layer 1
0
POLYLINE
8
Layer 1
62
7
70
0
10
0.000000
20
0.000000
66
1
0
VERTEX
8
Layer 1
10
43.015897
20
67.574898
70
0
0
VERTEX
8
Layer 1
10
42.753960
20
67.561404
70
0
0
SEQEND
8
Layer 1
0
POLYLINE
8
Layer 1
62
7
70
0
10
0.000000
20
0.000000
66
1
0
VERTEX
8
Layer 1
10
42.753960
20
67.561404
70
0
0
VERTEX
8
Layer 1
10
42.505252
20
67.521187
70
0
0
SEQEND
8
Layer 1
0
POLYLINE
8
Layer 1
62
7
70
0
10
0.000000
20
0.000000
66
1
0
VERTEX
8
Layer 1
10
42.505252
20
67.521187
70
0
0
VERTEX
8
Layer 1
10
42.253898
20
67.455041
70
0
0
SEQEND
8
Layer 1
0
POLYLINE
8
Layer 1
62
7
70
0
10
0.000000
20
0.000000
66
1
0
VERTEX
8
Layer 1
10
42.253898
20
67.455041
70
0
0
VERTEX
8
Layer 1
10
42.015774
20
67.362967
70
0
0
SEQEND
8
Layer 1
0
POLYLINE
8
Layer 1
62
7
70
0
10
0.000000
20
0.000000
66
1
0
VERTEX
8
Layer 1
10
42.015774
20
67.362967
70
0
0
VERTEX
8
Layer 1
10
41.796170
20
67.246550
70
0
0
SEQEND
8
Layer 1
0
POLYLINE
8
Layer 1
62
7
70
0
10
0.000000
20
0.000000
66
1
0
VERTEX
8
Layer 1
10
41.796170
20
67.246550
70
0
0
VERTEX
8
Layer 1
10
41.573920
20
67.106850
70
0
0
SEQEND
8
Layer 1
0
POLYLINE
8
Layer 1
62
7
70
0
10
0.000000
20
0.000000
66
1
0
VERTEX
8
Layer 1
10
41.573920
20
67.106850
70
0
0
VERTEX
8
Layer 1
10
41.375483
20
66.945455
70
0
0
SEQEND
8
Layer 1
0
POLYLINE
8
Layer 1
62
7
70
0
10
0.000000
20
0.000000
66
1
0
VERTEX
8
Layer 1
10
41.375483
20
66.945455
70
0
0
VERTEX
8
Layer 1
10
41.195566
20
66.764215
70
0
0
SEQEND
8
Layer 1
0
POLYLINE
8
Layer 1
62
7
70
0
10
0.000000
20
0.000000
66
1
0
VERTEX
8
Layer 1
10
41.195566
20
66.764215
70
0
0
VERTEX
8
Layer 1
10
41.034171
20
66.564984
70
0
0
SEQEND
8
Layer 1
0
POLYLINE
8
Layer 1
62
7
70
0
10
0.000000
20
0.000000
66
1
0
VERTEX
8
Layer 1
10
41.034171
20
66.564984
70
0
0
VERTEX
8
Layer 1
10
40.893942
20
66.349878
70
0
0
SEQEND
8
Layer 1
0
POLYLINE
8
Layer 1
62
7
70
0
10
0.000000
20
0.000000
66
1
0
VERTEX
8
Layer 1
10
40.893942
20
66.349878
70
0
0
VERTEX
8
Layer 1
10
40.774879
20
66.121279
70
0
0
SEQEND
8
Layer 1
0
POLYLINE
8
Layer 1
62
7
70
0
10
0.000000
20
0.000000
66
1
0
VERTEX
8
Layer 1
10
40.774879
20
66.121279
70
0
0
VERTEX
8
Layer 1
10
40.684921
20
65.881831
70
0
0
SEQEND
8
Layer 1
0
POLYLINE
8
Layer 1
62
7
70
0
10
0.000000
20
0.000000
66
1
0
VERTEX
8
Layer 1
10
40.684921
20
65.881831
70
0
0
VERTEX
8
Layer 1
10
40.616130
20
65.634181
70
0
0
SEQEND
8
Layer 1
0
POLYLINE
8
Layer 1
62
7
70
0
10
0.000000
20
0.000000
66
1
0
VERTEX
8
Layer 1
10
40.616130
20
65.634181
70
0
0
VERTEX
8
Layer 1
10
40.576442
20
65.380975
70
0
0
SEQEND
8
Layer 1
0
POLYLINE
8
Layer 1
62
7
70
0
10
0.000000
20
0.000000
66
1
0
VERTEX
8
Layer 1
10
40.576442
20
65.380975
70
0
0
VERTEX
8
Layer 1
10
40.565859
20
65.124859
70
0
0
SEQEND
8
Layer 1
0
POLYLINE
8
Layer 1
62
7
70
0
10
0.000000
20
0.000000
66
1
0
VERTEX
8
Layer 1
10
40.565859
20
65.124859
70
0
0
VERTEX
8
Layer 1
10
40.576442
20
64.868743
70
0
0
SEQEND
8
Layer 1
0
POLYLINE
8
Layer 1
62
7
70
0
10
0.000000
20
0.000000
66
1
0
VERTEX
8
Layer 1
10
40.576442
20
64.868743
70
0
0
VERTEX
8
Layer 1
10
40.616130
20
64.615537
70
0
0
SEQEND
8
Layer 1
0
POLYLINE
8
Layer 1
62
7
70
0
10
0.000000
20
0.000000
66
1
0
VERTEX
8
Layer 1
10
40.616130
20
64.615537
70
0
0
VERTEX
8
Layer 1
10
40.684921
20
64.367622
70
0
0
SEQEND
8
Layer 1
0
POLYLINE
8
Layer 1
62
7
70
0
10
0.000000
20
0.000000
66
1
0
VERTEX
8
Layer 1
10
40.684921
20
64.367622
70
0
0
VERTEX
8
Layer 1
10
40.774879
20
64.128439
70
0
0
SEQEND
8
Layer 1
0
POLYLINE
8
Layer 1
62
7
70
0
10
0.000000
20
0.000000
66
1
0
VERTEX
8
Layer 1
10
40.774879
20
64.128439
70
0
0
VERTEX
8
Layer 1
10
40.893942
20
63.899840
70
0
0
SEQEND
8
Layer 1
0
POLYLINE
8
Layer 1
62
7
70
0
10
0.000000
20
0.000000
66
1
0
VERTEX
8
Layer 1
10
40.893942
20
63.899840
70
0
0
VERTEX
8
Layer 1
10
41.034171
20
63.684734
70
0
0
SEQEND
8
Layer 1
0
POLYLINE
8
Layer 1
62
7
70
0
10
0.000000
20
0.000000
66
1
0
VERTEX
8
Layer 1
10
41.034171
20
63.684734
70
0
0
VERTEX
8
Layer 1
10
41.195566
20
63.485503
70
0
0
SEQEND
8
Layer 1
0
POLYLINE
8
Layer 1
62
7
70
0
10
0.000000
20
0.000000
66
1
0
VERTEX
8
Layer 1
10
41.195566
20
63.485503
70
0
0
VERTEX
8
Layer 1
10
41.375483
20
63.303999
70
0
0
SEQEND
8
Layer 1
0
POLYLINE
8
Layer 1
62
7
70
0
10
0.000000
20
0.000000
66
1
0
VERTEX
8
Layer 1
10
41.375483
20
63.303999
70
0
0
VERTEX
8
Layer 1
10
41.573920
20
63.142603
70
0
0
SEQEND
8
Layer 1
0
POLYLINE
8
Layer 1
62
7
70
0
10
0.000000
20
0.000000
66
1
0
VERTEX
8
Layer 1
10
41.573920
20
63.142603
70
0
0
VERTEX
8
Layer 1
10
41.796170
20
63.002903
70
0
0
SEQEND
8
Layer 1
0
POLYLINE
8
Layer 1
62
7
70
0
10
0.000000
20
0.000000
66
1
0
VERTEX
8
Layer 1
10
41.796170
20
63.002903
70
0
0
VERTEX
8
Layer 1
10
42.015774
20
62.886751
70
0
0
SEQEND
8
Layer 1
0
POLYLINE
8
Layer 1
62
7
70
0
10
0.000000
20
0.000000
66
1
0
VERTEX
8
Layer 1
10
42.015774
20
62.886751
70
0
0
VERTEX
8
Layer 1
10
42.253898
20
62.794676
70
0
0
SEQEND
8
Layer 1
0
POLYLINE
8
Layer 1
62
7
70
0
10
0.000000
20
0.000000
66
1
0
VERTEX
8
Layer 1
10
42.253898
20
62.794676
70
0
0
VERTEX
8
Layer 1
10
42.505252
20
62.728266
70
0
0
SEQEND
8
Layer 1
0
POLYLINE
8
Layer 1
62
7
70
0
10
0.000000
20
0.000000
66
1
0
VERTEX
8
Layer 1
10
42.505252
20
62.728266
70
0
0
VERTEX
8
Layer 1
10
42.753960
20
62.688314
70
0
0
SEQEND
8
Layer 1
0
POLYLINE
8
Layer 1
62
7
70
0
10
0.000000
20
0.000000
66
1
0
VERTEX
8
Layer 1
10
42.753960
20
62.688314
70
0
0
VERTEX
8
Layer 1
10
43.015897
20
62.674820
70
0
0
SEQEND
8
Layer 1
0
POLYLINE
8
Layer 1
62
7
70
0
10
0.000000
20
0.000000
66
1
0
VERTEX
8
Layer 1
10
43.015897
20
62.674820
70
0
0
VERTEX
8
Layer 1
10
43.275189
20
62.688314
70
0
0
SEQEND
8
Layer 1
0
POLYLINE
8
Layer 1
62
7
70
0
10
0.000000
20
0.000000
66
1
0
VERTEX
8
Layer 1
10
43.275189
20
62.688314
70
0
0
VERTEX
8
Layer 1
10
43.523897
20
62.728266
70
0
0
SEQEND
8
Layer 1
0
POLYLINE
8
Layer 1
62
7
70
0
10
0.000000
20
0.000000
66
1
0
VERTEX
8
Layer 1
10
43.523897
20
62.728266
70
0
0
VERTEX
8
Layer 1
10
43.775251
20
62.794676
70
0
0
SEQEND
8
Layer 1
0
POLYLINE
8
Layer 1
62
7
70
0
10
0.000000
20
0.000000
66
1
0
VERTEX
8
Layer 1
10
43.775251
20
62.794676
70
0
0
VERTEX
8
Layer 1
10
44.016021
20
62.886751
70
0
0
SEQEND
8
Layer 1
0
POLYLINE
8
Layer 1
62
7
70
0
10
0.000000
20
0.000000
66
1
0
VERTEX
8
Layer 1
10
44.016021
20
62.886751
70
0
0
VERTEX
8
Layer 1
10
44.235625
20
63.002903
70
0
0
SEQEND
8
Layer 1
0
POLYLINE
8
Layer 1
62
7
70
0
10
0.000000
20
0.000000
66
1
0
VERTEX
8
Layer 1
10
44.235625
20
63.002903
70
0
0
VERTEX
8
Layer 1
10
44.455229
20
63.142603
70
0
0
SEQEND
8
Layer 1
0
POLYLINE
8
Layer 1
62
7
70
0
10
0.000000
20
0.000000
66
1
0
VERTEX
8
Layer 1
10
44.455229
20
63.142603
70
0
0
VERTEX
8
Layer 1
10
44.656312
20
63.303999
70
0
0
SEQEND
8
Layer 1
0
POLYLINE
8
Layer 1
62
7
70
0
10
0.000000
20
0.000000
66
1
0
VERTEX
8
Layer 1
10
44.656312
20
63.303999
70
0
0
VERTEX
8
Layer 1
10
44.836229
20
63.485503
70
0
0
SEQEND
8
Layer 1
0
POLYLINE
8
Layer 1
62
7
70
0
10
0.000000
20
0.000000
66
1
0
VERTEX
8
Layer 1
10
44.836229
20
63.485503
70
0
0
VERTEX
8
Layer 1
10
44.994978
20
63.684734
70
0
0
SEQEND
8
Layer 1
0
POLYLINE
8
Layer 1
62
7
70
0
10
0.000000
20
0.000000
66
1
0
VERTEX
8
Layer 1
10
44.994978
20
63.684734
70
0
0
VERTEX
8
Layer 1
10
45.135207
20
63.899840
70
0
0
SEQEND
8
Layer 1
0
POLYLINE
8
Layer 1
62
7
70
0
10
0.000000
20
0.000000
66
1
0
VERTEX
8
Layer 1
10
45.135207
20
63.899840
70
0
0
VERTEX
8
Layer 1
10
45.254270
20
64.128439
70
0
0
SEQEND
8
Layer 1
0
POLYLINE
8
Layer 1
62
7
70
0
10
0.000000
20
0.000000
66
1
0
VERTEX
8
Layer 1
10
45.254270
20
64.128439
70
0
0
VERTEX
8
Layer 1
10
45.344228
20
64.367622
70
0
0
SEQEND
8
Layer 1
0
POLYLINE
8
Layer 1
62
7
70
0
10
0.000000
20
0.000000
66
1
0
VERTEX
8
Layer 1
10
45.344228
20
64.367622
70
0
0
VERTEX
8
Layer 1
10
45.415665
20
64.615537
70
0
0
SEQEND
8
Layer 1
0
POLYLINE
8
Layer 1
62
7
70
0
10
0.000000
20
0.000000
66
1
0
VERTEX
8
Layer 1
10
45.415665
20
64.615537
70
0
0
VERTEX
8
Layer 1
10
45.455353
20
64.868743
70
0
0
SEQEND
8
Layer 1
0
POLYLINE
8
Layer 1
62
7
70
0
10
0.000000
20
0.000000
66
1
0
VERTEX
8
Layer 1
10
45.455353
20
64.868743
70
0
0
VERTEX
8
Layer 1
10
45.465936
20
65.124859
70
0
0
SEQEND
8
Layer 1
0
POLYLINE
8
Layer 1
62
7
70
0
10
0.000000
20
0.000000
66
1
0
VERTEX
8
Layer 1
10
45.465936
20
65.124859
70
0
0
VERTEX
8
Layer 1
10
45.455353
20
65.380975
70
0
0
SEQEND
8
Layer 1
0
POLYLINE
8
Layer 1
62
7
70
0
10
0.000000
20
0.000000
66
1
0
VERTEX
8
Layer 1
10
63.232684
20
65.380975
70
0
0
VERTEX
8
Layer 1
10
63.190351
20
65.634181
70
0
0
SEQEND
8
Layer 1
0
POLYLINE
8
Layer 1
62
7
70
0
10
0.000000
20
0.000000
66
1
0
VERTEX
8
Layer 1
10
63.190351
20
65.634181
70
0
0
VERTEX
8
Layer 1
10
63.124205
20
65.881831
70
0
0
SEQEND
8
Layer 1
0
POLYLINE
8
Layer 1
62
7
70
0
10
0.000000
20
0.000000
66
1
0
VERTEX
8
Layer 1
10
63.124205
20
65.881831
70
0
0
VERTEX
8
Layer 1
10
63.034247
20
66.121279
70
0
0
SEQEND
8
Layer 1
0
POLYLINE
8
Layer 1
62
7
70
0
10
0.000000
20
0.000000
66
1
0
VERTEX
8
Layer 1
10
63.034247
20
66.121279
70
0
0
VERTEX
8
Layer 1
10
62.917831
20
66.349878
70
0
0
SEQEND
8
Layer 1
0
POLYLINE
8
Layer 1
62
7
70
0
10
0.000000
20
0.000000
66
1
0
VERTEX
8
Layer 1
10
62.917831
20
66.349878
70
0
0
VERTEX
8
Layer 1
10
62.777602
20
66.564984
70
0
0
SEQEND
8
Layer 1
0
POLYLINE
8
Layer 1
62
7
70
0
10
0.000000
20
0.000000
66
1
0
VERTEX
8
Layer 1
10
62.777602
20
66.564984
70
0
0
VERTEX
8
Layer 1
10
62.616206
20
66.764215
70
0
0
SEQEND
8
Layer 1
0
POLYLINE
8
Layer 1
62
7
70
0
10
0.000000
20
0.000000
66
1
0
VERTEX
8
Layer 1
10
62.616206
20
66.764215
70
0
0
VERTEX
8
Layer 1
10
62.433644
20
66.945455
70
0
0
SEQEND
8
Layer 1
0
POLYLINE
8
Layer 1
62
7
70
0
10
0.000000
20
0.000000
66
1
0
VERTEX
8
Layer 1
10
62.433644
20
66.945455
70
0
0
VERTEX
8
Layer 1
10
62.235207
20
67.106850
70
0
0
SEQEND
8
Layer 1
0
POLYLINE
8
Layer 1
62
7
70
0
10
0.000000
20
0.000000
66
1
0
VERTEX
8
Layer 1
10
62.235207
20
67.106850
70
0
0
VERTEX
8
Layer 1
10
62.020894
20
67.246550
70
0
0
SEQEND
8
Layer 1
0
POLYLINE
8
Layer 1
62
7
70
0
10
0.000000
20
0.000000
66
1
0
VERTEX
8
Layer 1
10
62.020894
20
67.246550
70
0
0
VERTEX
8
Layer 1
10
61.790707
20
67.362967
70
0
0
SEQEND
8
Layer 1
0
POLYLINE
8
Layer 1
62
7
70
0
10
0.000000
20
0.000000
66
1
0
VERTEX
8
Layer 1
10
61.790707
20
67.362967
70
0
0
VERTEX
8
Layer 1
10
61.552582
20
67.455041
70
0
0
SEQEND
8
Layer 1
0
POLYLINE
8
Layer 1
62
7
70
0
10
0.000000
20
0.000000
66
1
0
VERTEX
8
Layer 1
10
61.552582
20
67.455041
70
0
0
VERTEX
8
Layer 1
10
61.303874
20
67.521187
70
0
0
SEQEND
8
Layer 1
0
POLYLINE
8
Layer 1
62
7
70
0
10
0.000000
20
0.000000
66
1
0
VERTEX
8
Layer 1
10
61.303874
20
67.521187
70
0
0
VERTEX
8
Layer 1
10
61.049875
20
67.561404
70
0
0
SEQEND
8
Layer 1
0
POLYLINE
8
Layer 1
62
7
70
0
10
0.000000
20
0.000000
66
1
0
VERTEX
8
Layer 1
10
61.049875
20
67.561404
70
0
0
VERTEX
8
Layer 1
10
60.795875
20
67.574898
70
0
0
SEQEND
8
Layer 1
0
POLYLINE
8
Layer 1
62
7
70
0
10
0.000000
20
0.000000
66
1
0
VERTEX
8
Layer 1
10
60.795875
20
67.574898
70
0
0
VERTEX
8
Layer 1
10
60.539230
20
67.561404
70
0
0
SEQEND
8
Layer 1
0
POLYLINE
8
Layer 1
62
7
70
0
10
0.000000
20
0.000000
66
1
0
VERTEX
8
Layer 1
10
60.539230
20
67.561404
70
0
0
VERTEX
8
Layer 1
10
60.285230
20
67.521187
70
0
0
SEQEND
8
Layer 1
0
POLYLINE
8
Layer 1
62
7
70
0
10
0.000000
20
0.000000
66
1
0
VERTEX
8
Layer 1
10
60.285230
20
67.521187
70
0
0
VERTEX
8
Layer 1
10
60.039168
20
67.455041
70
0
0
SEQEND
8
Layer 1
0
POLYLINE
8
Layer 1
62
7
70
0
10
0.000000
20
0.000000
66
1
0
VERTEX
8
Layer 1
10
60.039168
20
67.455041
70
0
0
VERTEX
8
Layer 1
10
59.798397
20
67.362967
70
0
0
SEQEND
8
Layer 1
0
POLYLINE
8
Layer 1
62
7
70
0
10
0.000000
20
0.000000
66
1
0
VERTEX
8
Layer 1
10
59.798397
20
67.362967
70
0
0
VERTEX
8
Layer 1
10
59.570856
20
67.246550
70
0
0
SEQEND
8
Layer 1
0
POLYLINE
8
Layer 1
62
7
70
0
10
0.000000
20
0.000000
66
1
0
VERTEX
8
Layer 1
10
59.570856
20
67.246550
70
0
0
VERTEX
8
Layer 1
10
59.353898
20
67.106850
70
0
0
SEQEND
8
Layer 1
0
POLYLINE
8
Layer 1
62
7
70
0
10
0.000000
20
0.000000
66
1
0
VERTEX
8
Layer 1
10
59.353898
20
67.106850
70
0
0
VERTEX
8
Layer 1
10
59.155460
20
66.945455
70
0
0
SEQEND
8
Layer 1
0
POLYLINE
8
Layer 1
62
7
70
0
10
0.000000
20
0.000000
66
1
0
VERTEX
8
Layer 1
10
59.155460
20
66.945455
70
0
0
VERTEX
8
Layer 1
10
58.972898
20
66.764215
70
0
0
SEQEND
8
Layer 1
0
POLYLINE
8
Layer 1
62
7
70
0
10
0.000000
20
0.000000
66
1
0
VERTEX
8
Layer 1
10
58.972898
20
66.764215
70
0
0
VERTEX
8
Layer 1
10
58.814148
20
66.564984
70
0
0
SEQEND
8
Layer 1
0
POLYLINE
8
Layer 1
62
7
70
0
10
0.000000
20
0.000000
66
1
0
VERTEX
8
Layer 1
10
58.814148
20
66.564984
70
0
0
VERTEX
8
Layer 1
10
58.673919
20
66.349878
70
0
0
SEQEND
8
Layer 1
0
POLYLINE
8
Layer 1
62
7
70
0
10
0.000000
20
0.000000
66
1
0
VERTEX
8
Layer 1
10
58.673919
20
66.349878
70
0
0
VERTEX
8
Layer 1
10
58.557503
20
66.121279
70
0
0
SEQEND
8
Layer 1
0
POLYLINE
8
Layer 1
62
7
70
0
10
0.000000
20
0.000000
66
1
0
VERTEX
8
Layer 1
10
58.557503
20
66.121279
70
0
0
VERTEX
8
Layer 1
10
58.464899
20
65.881831
70
0
0
SEQEND
8
Layer 1
0
POLYLINE
8
Layer 1
62
7
70
0
10
0.000000
20
0.000000
66
1
0
VERTEX
8
Layer 1
10
58.464899
20
65.881831
70
0
0
VERTEX
8
Layer 1
10
58.398753
20
65.634181
70
0
0
SEQEND
8
Layer 1
0
POLYLINE
8
Layer 1
62
7
70
0
10
0.000000
20
0.000000
66
1
0
VERTEX
8
Layer 1
10
58.398753
20
65.634181
70
0
0
VERTEX
8
Layer 1
10
58.359066
20
65.380975
70
0
0
SEQEND
8
Layer 1
0
POLYLINE
8
Layer 1
62
7
70
0
10
0.000000
20
0.000000
66
1
0
VERTEX
8
Layer 1
10
58.359066
20
65.380975
70
0
0
VERTEX
8
Layer 1
10
58.345836
20
65.124859
70
0
0
SEQEND
8
Layer 1
0
POLYLINE
8
Layer 1
62
7
70
0
10
0.000000
20
0.000000
66
1
0
VERTEX
8
Layer 1
10
58.345836
20
65.124859
70
0
0
VERTEX
8
Layer 1
10
58.359066
20
64.868743
70
0
0
SEQEND
8
Layer 1
0
POLYLINE
8
Layer 1
62
7
70
0
10
0.000000
20
0.000000
66
1
0
VERTEX
8
Layer 1
10
58.359066
20
64.868743
70
0
0
VERTEX
8
Layer 1
10
58.398753
20
64.615537
70
0
0
SEQEND
8
Layer 1
0
POLYLINE
8
Layer 1
62
7
70
0
10
0.000000
20
0.000000
66
1
0
VERTEX
8
Layer 1
10
58.398753
20
64.615537
70
0
0
VERTEX
8
Layer 1
10
58.464899
20
64.367622
70
0
0
SEQEND
8
Layer 1
0
POLYLINE
8
Layer 1
62
7
70
0
10
0.000000
20
0.000000
66
1
0
VERTEX
8
Layer 1
10
58.464899
20
64.367622
70
0
0
VERTEX
8
Layer 1
10
58.557503
20
64.128439
70
0
0
SEQEND
8
Layer 1
0
POLYLINE
8
Layer 1
62
7
70
0
10
0.000000
20
0.000000
66
1
0
VERTEX
8
Layer 1
10
58.557503
20
64.128439
70
0
0
VERTEX
8
Layer 1
10
58.673919
20
63.899840
70
0
0
SEQEND
8
Layer 1
0
POLYLINE
8
Layer 1
62
7
70
0
10
0.000000
20
0.000000
66
1
0
VERTEX
8
Layer 1
10
58.673919
20
63.899840
70
0
0
VERTEX
8
Layer 1
10
58.814148
20
63.684734
70
0
0
SEQEND
8
Layer 1
0
POLYLINE
8
Layer 1
62
7
70
0
10
0.000000
20
0.000000
66
1
0
VERTEX
8
Layer 1
10
58.814148
20
63.684734
70
0
0
VERTEX
8
Layer 1
10
58.972898
20
63.485503
70
0
0
SEQEND
8
Layer 1
0
POLYLINE
8
Layer 1
62
7
70
0
10
0.000000
20
0.000000
66
1
0
VERTEX
8
Layer 1
10
58.972898
20
63.485503
70
0
0
VERTEX
8
Layer 1
10
59.155460
20
63.303999
70
0
0
SEQEND
8
Layer 1
0
POLYLINE
8
Layer 1
62
7
70
0
10
0.000000
20
0.000000
66
1
0
VERTEX
8
Layer 1
10
59.155460
20
63.303999
70
0
0
VERTEX
8
Layer 1
10
59.353898
20
63.142603
70
0
0
SEQEND
8
Layer 1
0
POLYLINE
8
Layer 1
62
7
70
0
10
0.000000
20
0.000000
66
1
0
VERTEX
8
Layer 1
10
59.353898
20
63.142603
70
0
0
VERTEX
8
Layer 1
10
59.570856
20
63.002903
70
0
0
SEQEND
8
Layer 1
0
POLYLINE
8
Layer 1
62
7
70
0
10
0.000000
20
0.000000
66
1
0
VERTEX
8
Layer 1
10
59.570856
20
63.002903
70
0
0
VERTEX
8
Layer 1
10
59.798397
20
62.886751
70
0
0
SEQEND
8
Layer 1
0
POLYLINE
8
Layer 1
62
7
70
0
10
0.000000
20
0.000000
66
1
0
VERTEX
8
Layer 1
10
59.798397
20
62.886751
70
0
0
VERTEX
8
Layer 1
10
60.039168
20
62.794676
70
0
0
SEQEND
8
Layer 1
0
POLYLINE
8
Layer 1
62
7
70
0
10
0.000000
20
0.000000
66
1
0
VERTEX
8
Layer 1
10
60.039168
20
62.794676
70
0
0
VERTEX
8
Layer 1
10
60.285230
20
62.728266
70
0
0
SEQEND
8
Layer 1
0
POLYLINE
8
Layer 1
62
7
70
0
10
0.000000
20
0.000000
66
1
0
VERTEX
8
Layer 1
10
60.285230
20
62.728266
70
0
0
VERTEX
8
Layer 1
10
60.539230
20
62.688314
70
0
0
SEQEND
8
Layer 1
0
POLYLINE
8
Layer 1
62
7
70
0
10
0.000000
20
0.000000
66
1
0
VERTEX
8
Layer 1
10
60.539230
20
62.688314
70
0
0
VERTEX
8
Layer 1
10
60.795875
20
62.674820
70
0
0
SEQEND
8
Layer 1
0
POLYLINE
8
Layer 1
62
7
70
0
10
0.000000
20
0.000000
66
1
0
VERTEX
8
Layer 1
10
60.795875
20
62.674820
70
0
0
VERTEX
8
Layer 1
10
61.049875
20
62.688314
70
0
0
SEQEND
8
Layer 1
0
POLYLINE
8
Layer 1
62
7
70
0
10
0.000000
20
0.000000
66
1
0
VERTEX
8
Layer 1
10
61.049875
20
62.688314
70
0
0
VERTEX
8
Layer 1
10
61.303874
20
62.728266
70
0
0
SEQEND
8
Layer 1
0
POLYLINE
8
Layer 1
62
7
70
0
10
0.000000
20
0.000000
66
1
0
VERTEX
8
Layer 1
10
61.303874
20
62.728266
70
0
0
VERTEX
8
Layer 1
10
61.552582
20
62.794676
70
0
0
SEQEND
8
Layer 1
0
POLYLINE
8
Layer 1
62
7
70
0
10
0.000000
20
0.000000
66
1
0
VERTEX
8
Layer 1
10
61.552582
20
62.794676
70
0
0
VERTEX
8
Layer 1
10
61.790707
20
62.886751
70
0
0
SEQEND
8
Layer 1
0
POLYLINE
8
Layer 1
62
7
70
0
10
0.000000
20
0.000000
66
1
0
VERTEX
8
Layer 1
10
61.790707
20
62.886751
70
0
0
VERTEX
8
Layer 1
10
62.020894
20
63.002903
70
0
0
SEQEND
8
Layer 1
0
POLYLINE
8
Layer 1
62
7
70
0
10
0.000000
20
0.000000
66
1
0
VERTEX
8
Layer 1
10
62.020894
20
63.002903
70
0
0
VERTEX
8
Layer 1
10
62.235207
20
63.142603
70
0
0
SEQEND
8
Layer 1
0
POLYLINE
8
Layer 1
62
7
70
0
10
0.000000
20
0.000000
66
1
0
VERTEX
8
Layer 1
10
62.235207
20
63.142603
70
0
0
VERTEX
8
Layer 1
10
62.433644
20
63.303999
70
0
0
SEQEND
8
Layer 1
0
POLYLINE
8
Layer 1
62
7
70
0
10
0.000000
20
0.000000
66
1
0
VERTEX
8
Layer 1
10
62.433644
20
63.303999
70
0
0
VERTEX
8
Layer 1
10
62.616206
20
63.485503
70
0
0
SEQEND
8
Layer 1
0
POLYLINE
8
Layer 1
62
7
70
0
10
0.000000
20
0.000000
66
1
0
VERTEX
8
Layer 1
10
62.616206
20
63.485503
70
0
0
VERTEX
8
Layer 1
10
62.777602
20
63.684734
70
0
0
SEQEND
8
Layer 1
0
POLYLINE
8
Layer 1
62
7
70
0
10
0.000000
20
0.000000
66
1
0
VERTEX
8
Layer 1
10
62.777602
20
63.684734
70
0
0
VERTEX
8
Layer 1
10
62.917831
20
63.899840
70
0
0
SEQEND
8
Layer 1
0
POLYLINE
8
Layer 1
62
7
70
0
10
0.000000
20
0.000000
66
1
0
VERTEX
8
Layer 1
10
62.917831
20
63.899840
70
0
0
VERTEX
8
Layer 1
10
63.034247
20
64.128439
70
0
0
SEQEND
8
Layer 1
0
POLYLINE
8
Layer 1
62
7
70
0
10
0.000000
20
0.000000
66
1
0
VERTEX
8
Layer 1
10
63.034247
20
64.128439
70
0
0
VERTEX
8
Layer 1
10
63.124205
20
64.367622
70
0
0
SEQEND
8
Layer 1
0
POLYLINE
8
Layer 1
62
7
70
0
10
0.000000
20
0.000000
66
1
0
VERTEX
8
Layer 1
10
63.124205
20
64.367622
70
0
0
VERTEX
8
Layer 1
10
63.190351
20
64.615537
70
0
0
SEQEND
8
Layer 1
0
POLYLINE
8
Layer 1
62
7
70
0
10
0.000000
20
0.000000
66
1
0
VERTEX
8
Layer 1
10
63.190351
20
64.615537
70
0
0
VERTEX
8
Layer 1
10
63.232684
20
64.868743
70
0
0
SEQEND
8
Layer 1
0
POLYLINE
8
Layer 1
62
7
70
0
10
0.000000
20
0.000000
66
1
0
VERTEX
8
Layer 1
10
63.232684
20
64.868743
70
0
0
VERTEX
8
Layer 1
10
63.245914
20
65.124859
70
0
0
SEQEND
8
Layer 1
0
POLYLINE
8
Layer 1
62
7
70
0
10
0.000000
20
0.000000
66
1
0
VERTEX
8
Layer 1
10
63.245914
20
65.124859
70
0
0
VERTEX
8
Layer 1
10
63.232684
20
65.380975
70
0
0
SEQEND
8
Layer 1
0
POLYLINE
8
Layer 1
62
7
70
0
10
0.000000
20
0.000000
66
1
0
VERTEX
8
Layer 1
10
81.012662
20
65.380975
70
0
0
VERTEX
8
Layer 1
10
80.970329
20
65.634181
70
0
0
SEQEND
8
Layer 1
0
POLYLINE
8
Layer 1
62
7
70
0
10
0.000000
20
0.000000
66
1
0
VERTEX
8
Layer 1
10
80.970329
20
65.634181
70
0
0
VERTEX
8
Layer 1
10
80.904183
20
65.881831
70
0
0
SEQEND
8
Layer 1
0
POLYLINE
8
Layer 1
62
7
70
0
10
0.000000
20
0.000000
66
1
0
VERTEX
8
Layer 1
10
80.904183
20
65.881831
70
0
0
VERTEX
8
Layer 1
10
80.814225
20
66.121279
70
0
0
SEQEND
8
Layer 1
0
POLYLINE
8
Layer 1
62
7
70
0
10
0.000000
20
0.000000
66
1
0
VERTEX
8
Layer 1
10
80.814225
20
66.121279
70
0
0
VERTEX
8
Layer 1
10
80.697808
20
66.349878
70
0
0
SEQEND
8
Layer 1
0
POLYLINE
8
Layer 1
62
7
70
0
10
0.000000
20
0.000000
66
1
0
VERTEX
8
Layer 1
10
80.697808
20
66.349878
70
0
0
VERTEX
8
Layer 1
10
80.557579
20
66.564984
70
0
0
SEQEND
8
Layer 1
0
POLYLINE
8
Layer 1
62
7
70
0
10
0.000000
20
0.000000
66
1
0
VERTEX
8
Layer 1
10
80.557579
20
66.564984
70
0
0
VERTEX
8
Layer 1
10
80.396184
20
66.764215
70
0
0
SEQEND
8
Layer 1
0
POLYLINE
8
Layer 1
62
7
70
0
10
0.000000
20
0.000000
66
1
0
VERTEX
8
Layer 1
10
80.396184
20
66.764215
70
0
0
VERTEX
8
Layer 1
10
80.213621
20
66.945455
70
0
0
SEQEND
8
Layer 1
0
POLYLINE
8
Layer 1
62
7
70
0
10
0.000000
20
0.000000
66
1
0
VERTEX
8
Layer 1
10
80.213621
20
66.945455
70
0
0
VERTEX
8
Layer 1
10
80.015184
20
67.106850
70
0
0
SEQEND
8
Layer 1
0
POLYLINE
8
Layer 1
62
7
70
0
10
0.000000
20
0.000000
66
1
0
VERTEX
8
Layer 1
10
80.015184
20
67.106850
70
0
0
VERTEX
8
Layer 1
10
79.800872
20
67.246550
70
0
0
SEQEND
8
Layer 1
0
POLYLINE
8
Layer 1
62
7
70
0
10
0.000000
20
0.000000
66
1
0
VERTEX
8
Layer 1
10
79.800872
20
67.246550
70
0
0
VERTEX
8
Layer 1
10
79.573331
20
67.362967
70
0
0
SEQEND
8
Layer 1
0
POLYLINE
8
Layer 1
62
7
70
0
10
0.000000
20
0.000000
66
1
0
VERTEX
8
Layer 1
10
79.573331
20
67.362967
70
0
0
VERTEX
8
Layer 1
10
79.332560
20
67.455041
70
0
0
SEQEND
8
Layer 1
0
POLYLINE
8
Layer 1
62
7
70
0
10
0.000000
20
0.000000
66
1
0
VERTEX
8
Layer 1
10
79.332560
20
67.455041
70
0
0
VERTEX
8
Layer 1
10
79.083852
20
67.521187
70
0
0
SEQEND
8
Layer 1
0
POLYLINE
8
Layer 1
62
7
70
0
10
0.000000
20
0.000000
66
1
0
VERTEX
8
Layer 1
10
79.083852
20
67.521187
70
0
0
VERTEX
8
Layer 1
10
78.829852
20
67.561404
70
0
0
SEQEND
8
Layer 1
0
POLYLINE
8
Layer 1
62
7
70
0
10
0.000000
20
0.000000
66
1
0
VERTEX
8
Layer 1
10
78.829852
20
67.561404
70
0
0
VERTEX
8
Layer 1
10
78.575853
20
67.574898
70
0
0
SEQEND
8
Layer 1
0
POLYLINE
8
Layer 1
62
7
70
0
10
0.000000
20
0.000000
66
1
0
VERTEX
8
Layer 1
10
78.575853
20
67.574898
70
0
0
VERTEX
8
Layer 1
10
78.319207
20
67.561404
70
0
0
SEQEND
8
Layer 1
0
POLYLINE
8
Layer 1
62
7
70
0
10
0.000000
20
0.000000
66
1
0
VERTEX
8
Layer 1
10
78.319207
20
67.561404
70
0
0
VERTEX
8
Layer 1
10
78.065207
20
67.521187
70
0
0
SEQEND
8
Layer 1
0
POLYLINE
8
Layer 1
62
7
70
0
10
0.000000
20
0.000000
66
1
0
VERTEX
8
Layer 1
10
78.065207
20
67.521187
70
0
0
VERTEX
8
Layer 1
10
77.819145
20
67.455041
70
0
0
SEQEND
8
Layer 1
0
POLYLINE
8
Layer 1
62
7
70
0
10
0.000000
20
0.000000
66
1
0
VERTEX
8
Layer 1
10
77.819145
20
67.455041
70
0
0
VERTEX
8
Layer 1
10
77.578375
20
67.362967
70
0
0
SEQEND
8
Layer 1
0
POLYLINE
8
Layer 1
62
7
70
0
10
0.000000
20
0.000000
66
1
0
VERTEX
8
Layer 1
10
77.578375
20
67.362967
70
0
0
VERTEX
8
Layer 1
10
77.350833
20
67.246550
70
0
0
SEQEND
8
Layer 1
0
POLYLINE
8
Layer 1
62
7
70
0
10
0.000000
20
0.000000
66
1
0
VERTEX
8
Layer 1
10
77.350833
20
67.246550
70
0
0
VERTEX
8
Layer 1
10
77.133875
20
67.106850
70
0
0
SEQEND
8
Layer 1
0
POLYLINE
8
Layer 1
62
7
70
0
10
0.000000
20
0.000000
66
1
0
VERTEX
8
Layer 1
10
77.133875
20
67.106850
70
0
0
VERTEX
8
Layer 1
10
76.935438
20
66.945455
70
0
0
SEQEND
8
Layer 1
0
POLYLINE
8
Layer 1
62
7
70
0
10
0.000000
20
0.000000
66
1
0
VERTEX
8
Layer 1
10
76.935438
20
66.945455
70
0
0
VERTEX
8
Layer 1
10
76.752876
20
66.764215
70
0
0
SEQEND
8
Layer 1
0
POLYLINE
8
Layer 1
62
7
70
0
10
0.000000
20
0.000000
66
1
0
VERTEX
8
Layer 1
10
76.752876
20
66.764215
70
0
0
VERTEX
8
Layer 1
10
76.594126
20
66.564984
70
0
0
SEQEND
8
Layer 1
0
POLYLINE
8
Layer 1
62
7
70
0
10
0.000000
20
0.000000
66
1
0
VERTEX
8
Layer 1
10
76.594126
20
66.564984
70
0
0
VERTEX
8
Layer 1
10
76.453897
20
66.349878
70
0
0
SEQEND
8
Layer 1
0
POLYLINE
8
Layer 1
62
7
70
0
10
0.000000
20
0.000000
66
1
0
VERTEX
8
Layer 1
10
76.453897
20
66.349878
70
0
0
VERTEX
8
Layer 1
10
76.337480
20
66.121279
70
0
0
SEQEND
8
Layer 1
0
POLYLINE
8
Layer 1
62
7
70
0
10
0.000000
20
0.000000
66
1
0
VERTEX
8
Layer 1
10
76.337480
20
66.121279
70
0
0
VERTEX
8
Layer 1
10
76.244876
20
65.881831
70
0
0
SEQEND
8
Layer 1
0
POLYLINE
8
Layer 1
62
7
70
0
10
0.000000
20
0.000000
66
1
0
VERTEX
8
Layer 1
10
76.244876
20
65.881831
70
0
0
VERTEX
8
Layer 1
10
76.178731
20
65.634181
70
0
0
SEQEND
8
Layer 1
0
POLYLINE
8
Layer 1
62
7
70
0
10
0.000000
20
0.000000
66
1
0
VERTEX
8
Layer 1
10
76.178731
20
65.634181
70
0
0
VERTEX
8
Layer 1
10
76.139043
20
65.380975
70
0
0
SEQEND
8
Layer 1
0
POLYLINE
8
Layer 1
62
7
70
0
10
0.000000
20
0.000000
66
1
0
VERTEX
8
Layer 1
10
76.139043
20
65.380975
70
0
0
VERTEX
8
Layer 1
10
76.125814
20
65.124859
70
0
0
SEQEND
8
Layer 1
0
POLYLINE
8
Layer 1
62
7
70
0
10
0.000000
20
0.000000
66
1
0
VERTEX
8
Layer 1
10
76.125814
20
65.124859
70
0
0
VERTEX
8
Layer 1
10
76.139043
20
64.868743
70
0
0
SEQEND
8
Layer 1
0
POLYLINE
8
Layer 1
62
7
70
0
10
0.000000
20
0.000000
66
1
0
VERTEX
8
Layer 1
10
76.139043
20
64.868743
70
0
0
VERTEX
8
Layer 1
10
76.178731
20
64.615537
70
0
0
SEQEND
8
Layer 1
0
POLYLINE
8
Layer 1
62
7
70
0
10
0.000000
20
0.000000
66
1
0
VERTEX
8
Layer 1
10
76.178731
20
64.615537
70
0
0
VERTEX
8
Layer 1
10
76.244876
20
64.367622
70
0
0
SEQEND
8
Layer 1
0
POLYLINE
8
Layer 1
62
7
70
0
10
0.000000
20
0.000000
66
1
0
VERTEX
8
Layer 1
10
76.244876
20
64.367622
70
0
0
VERTEX
8
Layer 1
10
76.337480
20
64.128439
70
0
0
SEQEND
8
Layer 1
0
POLYLINE
8
Layer 1
62
7
70
0
10
0.000000
20
0.000000
66
1
0
VERTEX
8
Layer 1
10
76.337480
20
64.128439
70
0
0
VERTEX
8
Layer 1
10
76.453897
20
63.899840
70
0
0
SEQEND
8
Layer 1
0
POLYLINE
8
Layer 1
62
7
70
0
10
0.000000
20
0.000000
66
1
0
VERTEX
8
Layer 1
10
76.453897
20
63.899840
70
0
0
VERTEX
8
Layer 1
10
76.594126
20
63.684734
70
0
0
SEQEND
8
Layer 1
0
POLYLINE
8
Layer 1
62
7
70
0
10
0.000000
20
0.000000
66
1
0
VERTEX
8
Layer 1
10
76.594126
20
63.684734
70
0
0
VERTEX
8
Layer 1
10
76.752876
20
63.485503
70
0
0
SEQEND
8
Layer 1
0
POLYLINE
8
Layer 1
62
7
70
0
10
0.000000
20
0.000000
66
1
0
VERTEX
8
Layer 1
10
76.752876
20
63.485503
70
0
0
VERTEX
8
Layer 1
10
76.935438
20
63.303999
70
0
0
SEQEND
8
Layer 1
0
POLYLINE
8
Layer 1
62
7
70
0
10
0.000000
20
0.000000
66
1
0
VERTEX
8
Layer 1
10
76.935438
20
63.303999
70
0
0
VERTEX
8
Layer 1
10
77.133875
20
63.142603
70
0
0
SEQEND
8
Layer 1
0
POLYLINE
8
Layer 1
62
7
70
0
10
0.000000
20
0.000000
66
1
0
VERTEX
8
Layer 1
10
77.133875
20
63.142603
70
0
0
VERTEX
8
Layer 1
10
77.350833
20
63.002903
70
0
0
SEQEND
8
Layer 1
0
POLYLINE
8
Layer 1
62
7
70
0
10
0.000000
20
0.000000
66
1
0
VERTEX
8
Layer 1
10
77.350833
20
63.002903
70
0
0
VERTEX
8
Layer 1
10
77.578375
20
62.886751
70
0
0
SEQEND
8
Layer 1
0
POLYLINE
8
Layer 1
62
7
70
0
10
0.000000
20
0.000000
66
1
0
VERTEX
8
Layer 1
10
77.578375
20
62.886751
70
0
0
VERTEX
8
Layer 1
10
77.819145
20
62.794676
70
0
0
SEQEND
8
Layer 1
0
POLYLINE
8
Layer 1
62
7
70
0
10
0.000000
20
0.000000
66
1
0
VERTEX
8
Layer 1
10
77.819145
20
62.794676
70
0
0
VERTEX
8
Layer 1
10
78.065207
20
62.728266
70
0
0
SEQEND
8
Layer 1
0
POLYLINE
8
Layer 1
62
7
70
0
10
0.000000
20
0.000000
66
1
0
VERTEX
8
Layer 1
10
78.065207
20
62.728266
70
0
0
VERTEX
8
Layer 1
10
78.319207
20
62.688314
70
0
0
SEQEND
8
Layer 1
0
POLYLINE
8
Layer 1
62
7
70
0
10
0.000000
20
0.000000
66
1
0
VERTEX
8
Layer 1
10
78.319207
20
62.688314
70
0
0
VERTEX
8
Layer 1
10
78.575853
20
62.674820
70
0
0
SEQEND
8
Layer 1
0
POLYLINE
8
Layer 1
62
7
70
0
10
0.000000
20
0.000000
66
1
0
VERTEX
8
Layer 1
10
78.575853
20
62.674820
70
0
0
VERTEX
8
Layer 1
10
78.829852
20
62.688314
70
0
0
SEQEND
8
Layer 1
0
POLYLINE
8
Layer 1
62
7
70
0
10
0.000000
20
0.000000
66
1
0
VERTEX
8
Layer 1
10
78.829852
20
62.688314
70
0
0
VERTEX
8
Layer 1
10
79.083852
20
62.728266
70
0
0
SEQEND
8
Layer 1
0
POLYLINE
8
Layer 1
62
7
70
0
10
0.000000
20
0.000000
66
1
0
VERTEX
8
Layer 1
10
79.083852
20
62.728266
70
0
0
VERTEX
8
Layer 1
10
79.332560
20
62.794676
70
0
0
SEQEND
8
Layer 1
0
POLYLINE
8
Layer 1
62
7
70
0
10
0.000000
20
0.000000
66
1
0
VERTEX
8
Layer 1
10
79.332560
20
62.794676
70
0
0
VERTEX
8
Layer 1
10
79.573331
20
62.886751
70
0
0
SEQEND
8
Layer 1
0
POLYLINE
8
Layer 1
62
7
70
0
10
0.000000
20
0.000000
66
1
0
VERTEX
8
Layer 1
10
79.573331
20
62.886751
70
0
0
VERTEX
8
Layer 1
10
79.800872
20
63.002903
70
0
0
SEQEND
8
Layer 1
0
POLYLINE
8
Layer 1
62
7
70
0
10
0.000000
20
0.000000
66
1
0
VERTEX
8
Layer 1
10
79.800872
20
63.002903
70
0
0
VERTEX
8
Layer 1
10
80.015184
20
63.142603
70
0
0
SEQEND
8
Layer 1
0
POLYLINE
8
Layer 1
62
7
70
0
10
0.000000
20
0.000000
66
1
0
VERTEX
8
Layer 1
10
80.015184
20
63.142603
70
0
0
VERTEX
8
Layer 1
10
80.213621
20
63.303999
70
0
0
SEQEND
8
Layer 1
0
POLYLINE
8
Layer 1
62
7
70
0
10
0.000000
20
0.000000
66
1
0
VERTEX
8
Layer 1
10
80.213621
20
63.303999
70
0
0
VERTEX
8
Layer 1
10
80.396184
20
63.485503
70
0
0
SEQEND
8
Layer 1
0
POLYLINE
8
Layer 1
62
7
70
0
10
0.000000
20
0.000000
66
1
0
VERTEX
8
Layer 1
10
80.396184
20
63.485503
70
0
0
VERTEX
8
Layer 1
10
80.557579
20
63.684734
70
0
0
SEQEND
8
Layer 1
0
POLYLINE
8
Layer 1
62
7
70
0
10
0.000000
20
0.000000
66
1
0
VERTEX
8
Layer 1
10
80.557579
20
63.684734
70
0
0
VERTEX
8
Layer 1
10
80.697808
20
63.899840
70
0
0
SEQEND
8
Layer 1
0
POLYLINE
8
Layer 1
62
7
70
0
10
0.000000
20
0.000000
66
1
0
VERTEX
8
Layer 1
10
80.697808
20
63.899840
70
0
0
VERTEX
8
Layer 1
10
80.814225
20
64.128439
70
0
0
SEQEND
8
Layer 1
0
POLYLINE
8
Layer 1
62
7
70
0
10
0.000000
20
0.000000
66
1
0
VERTEX
8
Layer 1
10
80.814225
20
64.128439
70
0
0
VERTEX
8
Layer 1
10
80.904183
20
64.367622
70
0
0
SEQEND
8
Layer 1
0
POLYLINE
8
Layer 1
62
7
70
0
10
0.000000
20
0.000000
66
1
0
VERTEX
8
Layer 1
10
80.904183
20
64.367622
70
0
0
VERTEX
8
Layer 1
10
80.970329
20
64.615537
70
0
0
SEQEND
8
Layer 1
0
POLYLINE
8
Layer 1
62
7
70
0
10
0.000000
20
0.000000
66
1
0
VERTEX
8
Layer 1
10
80.970329
20
64.615537
70
0
0
VERTEX
8
Layer 1
10
81.012662
20
64.868743
70
0
0
SEQEND
8
Layer 1
0
POLYLINE
8
Layer 1
62
7
70
0
10
0.000000
20
0.000000
66
1
0
VERTEX
8
Layer 1
10
81.012662
20
64.868743
70
0
0
VERTEX
8
Layer 1
10
81.025891
20
65.124859
70
0
0
SEQEND
8
Layer 1
0
POLYLINE
8
Layer 1
62
7
70
0
10
0.000000
20
0.000000
66
1
0
VERTEX
8
Layer 1
10
81.025891
20
65.124859
70
0
0
VERTEX
8
Layer 1
10
81.012662
20
65.380975
70
0
0
SEQEND
8
Layer 1
0
POLYLINE
8
Layer 1
62
7
70
0
10
0.000000
20
0.000000
66
1
0
VERTEX
8
Layer 1
10
98.792640
20
65.380975
70
0
0
VERTEX
8
Layer 1
10
98.750306
20
65.634181
70
0
0
SEQEND
8
Layer 1
0
POLYLINE
8
Layer 1
62
7
70
0
10
0.000000
20
0.000000
66
1
0
VERTEX
8
Layer 1
10
98.750306
20
65.634181
70
0
0
VERTEX
8
Layer 1
10
98.684161
20
65.881831
70
0
0
SEQEND
8
Layer 1
0
POLYLINE
8
Layer 1
62
7
70
0
10
0.000000
20
0.000000
66
1
0
VERTEX
8
Layer 1
10
98.684161
20
65.881831
70
0
0
VERTEX
8
Layer 1
10
98.594202
20
66.121279
70
0
0
SEQEND
8
Layer 1
0
POLYLINE
8
Layer 1
62
7
70
0
10
0.000000
20
0.000000
66
1
0
VERTEX
8
Layer 1
10
98.594202
20
66.121279
70
0
0
VERTEX
8
Layer 1
10
98.477786
20
66.349878
70
0
0
SEQEND
8
Layer 1
0
POLYLINE
8
Layer 1
62
7
70
0
10
0.000000
20
0.000000
66
1
0
VERTEX
8
Layer 1
10
98.477786
20
66.349878
70
0
0
VERTEX
8
Layer 1
10
98.337557
20
66.564984
70
0
0
SEQEND
8
Layer 1
0
POLYLINE
8
Layer 1
62
7
70
0
10
0.000000
20
0.000000
66
1
0
VERTEX
8
Layer 1
10
98.337557
20
66.564984
70
0
0
VERTEX
8
Layer 1
10
98.176161
20
66.764215
70
0
0
SEQEND
8
Layer 1
0
POLYLINE
8
Layer 1
62
7
70
0
10
0.000000
20
0.000000
66
1
0
VERTEX
8
Layer 1
10
98.176161
20
66.764215
70
0
0
VERTEX
8
Layer 1
10
97.993599
20
66.945455
70
0
0
SEQEND
8
Layer 1
0
POLYLINE
8
Layer 1
62
7
70
0
10
0.000000
20
0.000000
66
1
0
VERTEX
8
Layer 1
10
97.993599
20
66.945455
70
0
0
VERTEX
8
Layer 1
10
97.795162
20
67.106850
70
0
0
SEQEND
8
Layer 1
0
POLYLINE
8
Layer 1
62
7
70
0
10
0.000000
20
0.000000
66
1
0
VERTEX
8
Layer 1
10
97.795162
20
67.106850
70
0
0
VERTEX
8
Layer 1
10
97.580850
20
67.246550
70
0
0
SEQEND
8
Layer 1
0
POLYLINE
8
Layer 1
62
7
70
0
10
0.000000
20
0.000000
66
1
0
VERTEX
8
Layer 1
10
97.580850
20
67.246550
70
0
0
VERTEX
8
Layer 1
10
97.350662
20
67.362967
70
0
0
SEQEND
8
Layer 1
0
POLYLINE
8
Layer 1
62
7
70
0
10
0.000000
20
0.000000
66
1
0
VERTEX
8
Layer 1
10
97.350662
20
67.362967
70
0
0
VERTEX
8
Layer 1
10
97.112538
20
67.455041
70
0
0
SEQEND
8
Layer 1
0
POLYLINE
8
Layer 1
62
7
70
0
10
0.000000
20
0.000000
66
1
0
VERTEX
8
Layer 1
10
97.112538
20
67.455041
70
0
0
VERTEX
8
Layer 1
10
96.863830
20
67.521187
70
0
0
SEQEND
8
Layer 1
0
POLYLINE
8
Layer 1
62
7
70
0
10
0.000000
20
0.000000
66
1
0
VERTEX
8
Layer 1
10
96.863830
20
67.521187
70
0
0
VERTEX
8
Layer 1
10
96.609830
20
67.561404
70
0
0
SEQEND
8
Layer 1
0
POLYLINE
8
Layer 1
62
7
70
0
10
0.000000
20
0.000000
66
1
0
VERTEX
8
Layer 1
10
96.609830
20
67.561404
70
0
0
VERTEX
8
Layer 1
10
96.355830
20
67.574898
70
0
0
SEQEND
8
Layer 1
0
POLYLINE
8
Layer 1
62
7
70
0
10
0.000000
20
0.000000
66
1
0
VERTEX
8
Layer 1
10
96.355830
20
67.574898
70
0
0
VERTEX
8
Layer 1
10
96.099185
20
67.561404
70
0
0
SEQEND
8
Layer 1
0
POLYLINE
8
Layer 1
62
7
70
0
10
0.000000
20
0.000000
66
1
0
VERTEX
8
Layer 1
10
96.099185
20
67.561404
70
0
0
VERTEX
8
Layer 1
10
95.845185
20
67.521187
70
0
0
SEQEND
8
Layer 1
0
POLYLINE
8
Layer 1
62
7
70
0
10
0.000000
20
0.000000
66
1
0
VERTEX
8
Layer 1
10
95.845185
20
67.521187
70
0
0
VERTEX
8
Layer 1
10
95.599123
20
67.455041
70
0
0
SEQEND
8
Layer 1
0
POLYLINE
8
Layer 1
62
7
70
0
10
0.000000
20
0.000000
66
1
0
VERTEX
8
Layer 1
10
95.599123
20
67.455041
70
0
0
VERTEX
8
Layer 1
10
95.358352
20
67.362967
70
0
0
SEQEND
8
Layer 1
0
POLYLINE
8
Layer 1
62
7
70
0
10
0.000000
20
0.000000
66
1
0
VERTEX
8
Layer 1
10
95.358352
20
67.362967
70
0
0
VERTEX
8
Layer 1
10
95.130811
20
67.246550
70
0
0
SEQEND
8
Layer 1
0
POLYLINE
8
Layer 1
62
7
70
0
10
0.000000
20
0.000000
66
1
0
VERTEX
8
Layer 1
10
95.130811
20
67.246550
70
0
0
VERTEX
8
Layer 1
10
94.913853
20
67.106850
70
0
0
SEQEND
8
Layer 1
0
POLYLINE
8
Layer 1
62
7
70
0
10
0.000000
20
0.000000
66
1
0
VERTEX
8
Layer 1
10
94.913853
20
67.106850
70
0
0
VERTEX
8
Layer 1
10
94.715416
20
66.945455
70
0
0
SEQEND
8
Layer 1
0
POLYLINE
8
Layer 1
62
7
70
0
10
0.000000
20
0.000000
66
1
0
VERTEX
8
Layer 1
10
94.715416
20
66.945455
70
0
0
VERTEX
8
Layer 1
10
94.532853
20
66.764215
70
0
0
SEQEND
8
Layer 1
0
POLYLINE
8
Layer 1
62
7
70
0
10
0.000000
20
0.000000
66
1
0
VERTEX
8
Layer 1
10
94.532853
20
66.764215
70
0
0
VERTEX
8
Layer 1
10
94.374104
20
66.564984
70
0
0
SEQEND
8
Layer 1
0
POLYLINE
8
Layer 1
62
7
70
0
10
0.000000
20
0.000000
66
1
0
VERTEX
8
Layer 1
10
94.374104
20
66.564984
70
0
0
VERTEX
8
Layer 1
10
94.233875
20
66.349878
70
0
0
SEQEND
8
Layer 1
0
POLYLINE
8
Layer 1
62
7
70
0
10
0.000000
20
0.000000
66
1
0
VERTEX
8
Layer 1
10
94.233875
20
66.349878
70
0
0
VERTEX
8
Layer 1
10
94.117458
20
66.121279
70
0
0
SEQEND
8
Layer 1
0
POLYLINE
8
Layer 1
62
7
70
0
10
0.000000
20
0.000000
66
1
0
VERTEX
8
Layer 1
10
94.117458
20
66.121279
70
0
0
VERTEX
8
Layer 1
10
94.024854
20
65.881831
70
0
0
SEQEND
8
Layer 1
0
POLYLINE
8
Layer 1
62
7
70
0
10
0.000000
20
0.000000
66
1
0
VERTEX
8
Layer 1
10
94.024854
20
65.881831
70
0
0
VERTEX
8
Layer 1
10
93.958708
20
65.634181
70
0
0
SEQEND
8
Layer 1
0
POLYLINE
8
Layer 1
62
7
70
0
10
0.000000
20
0.000000
66
1
0
VERTEX
8
Layer 1
10
93.958708
20
65.634181
70
0
0
VERTEX
8
Layer 1
10
93.919021
20
65.380975
70
0
0
SEQEND
8
Layer 1
0
POLYLINE
8
Layer 1
62
7
70
0
10
0.000000
20
0.000000
66
1
0
VERTEX
8
Layer 1
10
93.919021
20
65.380975
70
0
0
VERTEX
8
Layer 1
10
93.905792
20
65.124859
70
0
0
SEQEND
8
Layer 1
0
POLYLINE
8
Layer 1
62
7
70
0
10
0.000000
20
0.000000
66
1
0
VERTEX
8
Layer 1
10
93.905792
20
65.124859
70
0
0
VERTEX
8
Layer 1
10
93.919021
20
64.868743
70
0
0
SEQEND
8
Layer 1
0
POLYLINE
8
Layer 1
62
7
70
0
10
0.000000
20
0.000000
66
1
0
VERTEX
8
Layer 1
10
93.919021
20
64.868743
70
0
0
VERTEX
8
Layer 1
10
93.958708
20
64.615537
70
0
0
SEQEND
8
Layer 1
0
POLYLINE
8
Layer 1
62
7
70
0
10
0.000000
20
0.000000
66
1
0
VERTEX
8
Layer 1
10
93.958708
20
64.615537
70
0
0
VERTEX
8
Layer 1
10
94.024854
20
64.367622
70
0
0
SEQEND
8
Layer 1
0
POLYLINE
8
Layer 1
62
7
70
0
10
0.000000
20
0.000000
66
1
0
VERTEX
8
Layer 1
10
94.024854
20
64.367622
70
0
0
VERTEX
8
Layer 1
10
94.117458
20
64.128439
70
0
0
SEQEND
8
Layer 1
0
POLYLINE
8
Layer 1
62
7
70
0
10
0.000000
20
0.000000
66
1
0
VERTEX
8
Layer 1
10
94.117458
20
64.128439
70
0
0
VERTEX
8
Layer 1
10
94.233875
20
63.899840
70
0
0
SEQEND
8
Layer 1
0
POLYLINE
8
Layer 1
62
7
70
0
10
0.000000
20
0.000000
66
1
0
VERTEX
8
Layer 1
10
94.233875
20
63.899840
70
0
0
VERTEX
8
Layer 1
10
94.374104
20
63.684734
70
0
0
SEQEND
8
Layer 1
0
POLYLINE
8
Layer 1
62
7
70
0
10
0.000000
20
0.000000
66
1
0
VERTEX
8
Layer 1
10
94.374104
20
63.684734
70
0
0
VERTEX
8
Layer 1
10
94.532853
20
63.485503
70
0
0
SEQEND
8
Layer 1
0
POLYLINE
8
Layer 1
62
7
70
0
10
0.000000
20
0.000000
66
1
0
VERTEX
8
Layer 1
10
94.532853
20
63.485503
70
0
0
VERTEX
8
Layer 1
10
94.715416
20
63.303999
70
0
0
SEQEND
8
Layer 1
0
POLYLINE
8
Layer 1
62
7
70
0
10
0.000000
20
0.000000
66
1
0
VERTEX
8
Layer 1
10
94.715416
20
63.303999
70
0
0
VERTEX
8
Layer 1
10
94.913853
20
63.142603
70
0
0
SEQEND
8
Layer 1
0
POLYLINE
8
Layer 1
62
7
70
0
10
0.000000
20
0.000000
66
1
0
VERTEX
8
Layer 1
10
94.913853
20
63.142603
70
0
0
VERTEX
8
Layer 1
10
95.130811
20
63.002903
70
0
0
SEQEND
8
Layer 1
0
POLYLINE
8
Layer 1
62
7
70
0
10
0.000000
20
0.000000
66
1
0
VERTEX
8
Layer 1
10
95.130811
20
63.002903
70
0
0
VERTEX
8
Layer 1
10
95.358352
20
62.886751
70
0
0
SEQEND
8
Layer 1
0
POLYLINE
8
Layer 1
62
7
70
0
10
0.000000
20
0.000000
66
1
0
VERTEX
8
Layer 1
10
95.358352
20
62.886751
70
0
0
VERTEX
8
Layer 1
10
95.599123
20
62.794676
70
0
0
SEQEND
8
Layer 1
0
POLYLINE
8
Layer 1
62
7
70
0
10
0.000000
20
0.000000
66
1
0
VERTEX
8
Layer 1
10
95.599123
20
62.794676
70
0
0
VERTEX
8
Layer 1
10
95.845185
20
62.728266
70
0
0
SEQEND
8
Layer 1
0
POLYLINE
8
Layer 1
62
7
70
0
10
0.000000
20
0.000000
66
1
0
VERTEX
8
Layer 1
10
95.845185
20
62.728266
70
0
0
VERTEX
8
Layer 1
10
96.099185
20
62.688314
70
0
0
SEQEND
8
Layer 1
0
POLYLINE
8
Layer 1
62
7
70
0
10
0.000000
20
0.000000
66
1
0
VERTEX
8
Layer 1
10
96.099185
20
62.688314
70
0
0
VERTEX
8
Layer 1
10
96.355830
20
62.674820
70
0
0
SEQEND
8
Layer 1
0
POLYLINE
8
Layer 1
62
7
70
0
10
0.000000
20
0.000000
66
1
0
VERTEX
8
Layer 1
10
96.355830
20
62.674820
70
0
0
VERTEX
8
Layer 1
10
96.609830
20
62.688314
70
0
0
SEQEND
8
Layer 1
0
POLYLINE
8
Layer 1
62
7
70
0
10
0.000000
20
0.000000
66
1
0
VERTEX
8
Layer 1
10
96.609830
20
62.688314
70
0
0
VERTEX
8
Layer 1
10
96.863830
20
62.728266
70
0
0
SEQEND
8
Layer 1
0
POLYLINE
8
Layer 1
62
7
70
0
10
0.000000
20
0.000000
66
1
0
VERTEX
8
Layer 1
10
96.863830
20
62.728266
70
0
0
VERTEX
8
Layer 1
10
97.112538
20
62.794676
70
0
0
SEQEND
8
Layer 1
0
POLYLINE
8
Layer 1
62
7
70
0
10
0.000000
20
0.000000
66
1
0
VERTEX
8
Layer 1
10
97.112538
20
62.794676
70
0
0
VERTEX
8
Layer 1
10
97.350662
20
62.886751
70
0
0
SEQEND
8
Layer 1
0
POLYLINE
8
Layer 1
62
7
70
0
10
0.000000
20
0.000000
66
1
0
VERTEX
8
Layer 1
10
97.350662
20
62.886751
70
0
0
VERTEX
8
Layer 1
10
97.580850
20
63.002903
70
0
0
SEQEND
8
Layer 1
0
POLYLINE
8
Layer 1
62
7
70
0
10
0.000000
20
0.000000
66
1
0
VERTEX
8
Layer 1
10
97.580850
20
63.002903
70
0
0
VERTEX
8
Layer 1
10
97.795162
20
63.142603
70
0
0
SEQEND
8
Layer 1
0
POLYLINE
8
Layer 1
62
7
70
0
10
0.000000
20
0.000000
66
1
0
VERTEX
8
Layer 1
10
97.795162
20
63.142603
70
0
0
VERTEX
8
Layer 1
10
97.993599
20
63.303999
70
0
0
SEQEND
8
Layer 1
0
POLYLINE
8
Layer 1
62
7
70
0
10
0.000000
20
0.000000
66
1
0
VERTEX
8
Layer 1
10
97.993599
20
63.303999
70
0
0
VERTEX
8
Layer 1
10
98.176161
20
63.485503
70
0
0
SEQEND
8
Layer 1
0
POLYLINE
8
Layer 1
62
7
70
0
10
0.000000
20
0.000000
66
1
0
VERTEX
8
Layer 1
10
98.176161
20
63.485503
70
0
0
VERTEX
8
Layer 1
10
98.337557
20
63.684734
70
0
0
SEQEND
8
Layer 1
0
POLYLINE
8
Layer 1
62
7
70
0
10
0.000000
20
0.000000
66
1
0
VERTEX
8
Layer 1
10
98.337557
20
63.684734
70
0
0
VERTEX
8
Layer 1
10
98.477786
20
63.899840
70
0
0
SEQEND
8
Layer 1
0
POLYLINE
8
Layer 1
62
7
70
0
10
0.000000
20
0.000000
66
1
0
VERTEX
8
Layer 1
10
98.477786
20
63.899840
70
0
0
VERTEX
8
Layer 1
10
98.594202
20
64.128439
70
0
0
SEQEND
8
Layer 1
0
POLYLINE
8
Layer 1
62
7
70
0
10
0.000000
20
0.000000
66
1
0
VERTEX
8
Layer 1
10
98.594202
20
64.128439
70
0
0
VERTEX
8
Layer 1
10
98.684161
20
64.367622
70
0
0
SEQEND
8
Layer 1
0
POLYLINE
8
Layer 1
62
7
70
0
10
0.000000
20
0.000000
66
1
0
VERTEX
8
Layer 1
10
98.684161
20
64.367622
70
0
0
VERTEX
8
Layer 1
10
98.750306
20
64.615537
70
0
0
SEQEND
8
Layer 1
0
POLYLINE
8
Layer 1
62
7
70
0
10
0.000000
20
0.000000
66
1
0
VERTEX
8
Layer 1
10
98.750306
20
64.615537
70
0
0
VERTEX
8
Layer 1
10
98.792640
20
64.868743
70
0
0
SEQEND
8
Layer 1
0
POLYLINE
8
Layer 1
62
7
70
0
10
0.000000
20
0.000000
66
1
0
VERTEX
8
Layer 1
10
98.792640
20
64.868743
70
0
0
VERTEX
8
Layer 1
10
98.805869
20
65.124859
70
0
0
SEQEND
8
Layer 1
0
POLYLINE
8
Layer 1
62
7
70
0
10
0.000000
20
0.000000
66
1
0
VERTEX
8
Layer 1
10
98.805869
20
65.124859
70
0
0
VERTEX
8
Layer 1
10
98.792640
20
65.380975
70
0
0
SEQEND
8
Layer 1
0
POLYLINE
8
Layer 1
62
7
70
0
10
0.000000
20
0.000000
66
1
0
VERTEX
8
Layer 1
10
127.788291
20
10.644838
70
0
0
VERTEX
8
Layer 1
10
97.501475
20
10.644838
70
0
0
SEQEND
8
Layer 1
0
POLYLINE
8
Layer 1
62
7
70
0
10
0.000000
20
0.000000
66
1
0
VERTEX
8
Layer 1
10
97.501475
20
10.644838
70
0
0
VERTEX
8
Layer 1
10
97.501475
20
6.644872
70
0
0
SEQEND
8
Layer 1
0
POLYLINE
8
Layer 1
62
7
70
0
10
0.000000
20
0.000000
66
1
0
VERTEX
8
Layer 1
10
97.501475
20
6.644872
70
0
0
VERTEX
8
Layer 1
10
127.788291
20
6.644872
70
0
0
SEQEND
8
Layer 1
0
POLYLINE
8
Layer 1
62
7
70
0
10
0.000000
20
0.000000
66
1
0
VERTEX
8
Layer 1
10
127.788291
20
6.644872
70
0
0
VERTEX
8
Layer 1
10
127.788291
20
10.644838
70
0
0
SEQEND
8
Layer 1
0
POLYLINE
8
Layer 1
62
7
70
0
10
0.000000
20
0.000000
66
1
0
VERTEX
8
Layer 1
10
116.572617
20
65.380975
70
0
0
VERTEX
8
Layer 1
10
116.530284
20
65.634181
70
0
0
SEQEND
8
Layer 1
0
POLYLINE
8
Layer 1
62
7
70
0
10
0.000000
20
0.000000
66
1
0
VERTEX
8
Layer 1
10
116.530284
20
65.634181
70
0
0
VERTEX
8
Layer 1
10
116.464138
20
65.881831
70
0
0
SEQEND
8
Layer 1
0
POLYLINE
8
Layer 1
62
7
70
0
10
0.000000
20
0.000000
66
1
0
VERTEX
8
Layer 1
10
116.464138
20
65.881831
70
0
0
VERTEX
8
Layer 1
10
116.374180
20
66.121279
70
0
0
SEQEND
8
Layer 1
0
POLYLINE
8
Layer 1
62
7
70
0
10
0.000000
20
0.000000
66
1
0
VERTEX
8
Layer 1
10
116.374180
20
66.121279
70
0
0
VERTEX
8
Layer 1
10
116.257764
20
66.349878
70
0
0
SEQEND
8
Layer 1
0
POLYLINE
8
Layer 1
62
7
70
0
10
0.000000
20
0.000000
66
1
0
VERTEX
8
Layer 1
10
116.257764
20
66.349878
70
0
0
VERTEX
8
Layer 1
10
116.117535
20
66.564984
70
0
0
SEQEND
8
Layer 1
0
POLYLINE
8
Layer 1
62
7
70
0
10
0.000000
20
0.000000
66
1
0
VERTEX
8
Layer 1
10
116.117535
20
66.564984
70
0
0
VERTEX
8
Layer 1
10
115.956139
20
66.764215
70
0
0
SEQEND
8
Layer 1
0
POLYLINE
8
Layer 1
62
7
70
0
10
0.000000
20
0.000000
66
1
0
VERTEX
8
Layer 1
10
115.956139
20
66.764215
70
0
0
VERTEX
8
Layer 1
10
115.773577
20
66.945455
70
0
0
SEQEND
8
Layer 1
0
POLYLINE
8
Layer 1
62
7
70
0
10
0.000000
20
0.000000
66
1
0
VERTEX
8
Layer 1
10
115.773577
20
66.945455
70
0
0
VERTEX
8
Layer 1
10
115.575139
20
67.106850
70
0
0
SEQEND
8
Layer 1
0
POLYLINE
8
Layer 1
62
7
70
0
10
0.000000
20
0.000000
66
1
0
VERTEX
8
Layer 1
10
115.575139
20
67.106850
70
0
0
VERTEX
8
Layer 1
10
115.360827
20
67.246550
70
0
0
SEQEND
8
Layer 1
0
POLYLINE
8
Layer 1
62
7
70
0
10
0.000000
20
0.000000
66
1
0
VERTEX
8
Layer 1
10
115.360827
20
67.246550
70
0
0
VERTEX
8
Layer 1
10
115.133286
20
67.362967
70
0
0
SEQEND
8
Layer 1
0
POLYLINE
8
Layer 1
62
7
70
0
10
0.000000
20
0.000000
66
1
0
VERTEX
8
Layer 1
10
115.133286
20
67.362967
70
0
0
VERTEX
8
Layer 1
10
114.892515
20
67.455041
70
0
0
SEQEND
8
Layer 1
0
POLYLINE
8
Layer 1
62
7
70
0
10
0.000000
20
0.000000
66
1
0
VERTEX
8
Layer 1
10
114.892515
20
67.455041
70
0
0
VERTEX
8
Layer 1
10
114.643807
20
67.521187
70
0
0
SEQEND
8
Layer 1
0
POLYLINE
8
Layer 1
62
7
70
0
10
0.000000
20
0.000000
66
1
0
VERTEX
8
Layer 1
10
114.643807
20
67.521187
70
0
0
VERTEX
8
Layer 1
10
114.389808
20
67.561404
70
0
0
SEQEND
8
Layer 1
0
POLYLINE
8
Layer 1
62
7
70
0
10
0.000000
20
0.000000
66
1
0
VERTEX
8
Layer 1
10
114.389808
20
67.561404
70
0
0
VERTEX
8
Layer 1
10
114.135808
20
67.574898
70
0
0
SEQEND
8
Layer 1
0
POLYLINE
8
Layer 1
62
7
70
0
10
0.000000
20
0.000000
66
1
0
VERTEX
8
Layer 1
10
114.135808
20
67.574898
70
0
0
VERTEX
8
Layer 1
10
113.879162
20
67.561404
70
0
0
SEQEND
8
Layer 1
0
POLYLINE
8
Layer 1
62
7
70
0
10
0.000000
20
0.000000
66
1
0
VERTEX
8
Layer 1
10
113.879162
20
67.561404
70
0
0
VERTEX
8
Layer 1
10
113.625163
20
67.521187
70
0
0
SEQEND
8
Layer 1
0
POLYLINE
8
Layer 1
62
7
70
0
10
0.000000
20
0.000000
66
1
0
VERTEX
8
Layer 1
10
113.625163
20
67.521187
70
0
0
VERTEX
8
Layer 1
10
113.379100
20
67.455041
70
0
0
SEQEND
8
Layer 1
0
POLYLINE
8
Layer 1
62
7
70
0
10
0.000000
20
0.000000
66
1
0
VERTEX
8
Layer 1
10
113.379100
20
67.455041
70
0
0
VERTEX
8
Layer 1
10
113.138330
20
67.362967
70
0
0
SEQEND
8
Layer 1
0
POLYLINE
8
Layer 1
62
7
70
0
10
0.000000
20
0.000000
66
1
0
VERTEX
8
Layer 1
10
113.138330
20
67.362967
70
0
0
VERTEX
8
Layer 1
10
112.910789
20
67.246550
70
0
0
SEQEND
8
Layer 1
0
POLYLINE
8
Layer 1
62
7
70
0
10
0.000000
20
0.000000
66
1
0
VERTEX
8
Layer 1
10
112.910789
20
67.246550
70
0
0
VERTEX
8
Layer 1
10
112.693831
20
67.106850
70
0
0
SEQEND
8
Layer 1
0
POLYLINE
8
Layer 1
62
7
70
0
10
0.000000
20
0.000000
66
1
0
VERTEX
8
Layer 1
10
112.693831
20
67.106850
70
0
0
VERTEX
8
Layer 1
10
112.495393
20
66.945455
70
0
0
SEQEND
8
Layer 1
0
POLYLINE
8
Layer 1
62
7
70
0
10
0.000000
20
0.000000
66
1
0
VERTEX
8
Layer 1
10
112.495393
20
66.945455
70
0
0
VERTEX
8
Layer 1
10
112.312831
20
66.764215
70
0
0
SEQEND
8
Layer 1
0
POLYLINE
8
Layer 1
62
7
70
0
10
0.000000
20
0.000000
66
1
0
VERTEX
8
Layer 1
10
112.312831
20
66.764215
70
0
0
VERTEX
8
Layer 1
10
112.154081
20
66.564984
70
0
0
SEQEND
8
Layer 1
0
POLYLINE
8
Layer 1
62
7
70
0
10
0.000000
20
0.000000
66
1
0
VERTEX
8
Layer 1
10
112.154081
20
66.564984
70
0
0
VERTEX
8
Layer 1
10
112.013852
20
66.349878
70
0
0
SEQEND
8
Layer 1
0
POLYLINE
8
Layer 1
62
7
70
0
10
0.000000
20
0.000000
66
1
0
VERTEX
8
Layer 1
10
112.013852
20
66.349878
70
0
0
VERTEX
8
Layer 1
10
111.897436
20
66.121279
70
0
0
SEQEND
8
Layer 1
0
POLYLINE
8
Layer 1
62
7
70
0
10
0.000000
20
0.000000
66
1
0
VERTEX
8
Layer 1
10
111.897436
20
66.121279
70
0
0
VERTEX
8
Layer 1
10
111.804832
20
65.881831
70
0
0
SEQEND
8
Layer 1
0
POLYLINE
8
Layer 1
62
7
70
0
10
0.000000
20
0.000000
66
1
0
VERTEX
8
Layer 1
10
111.804832
20
65.881831
70
0
0
VERTEX
8
Layer 1
10
111.738686
20
65.634181
70
0
0
SEQEND
8
Layer 1
0
POLYLINE
8
Layer 1
62
7
70
0
10
0.000000
20
0.000000
66
1
0
VERTEX
8
Layer 1
10
111.738686
20
65.634181
70
0
0
VERTEX
8
Layer 1
10
111.698998
20
65.380975
70
0
0
SEQEND
8
Layer 1
0
POLYLINE
8
Layer 1
62
7
70
0
10
0.000000
20
0.000000
66
1
0
VERTEX
8
Layer 1
10
111.698998
20
65.380975
70
0
0
VERTEX
8
Layer 1
10
111.685769
20
65.124859
70
0
0
SEQEND
8
Layer 1
0
POLYLINE
8
Layer 1
62
7
70
0
10
0.000000
20
0.000000
66
1
0
VERTEX
8
Layer 1
10
111.685769
20
65.124859
70
0
0
VERTEX
8
Layer 1
10
111.698998
20
64.868743
70
0
0
SEQEND
8
Layer 1
0
POLYLINE
8
Layer 1
62
7
70
0
10
0.000000
20
0.000000
66
1
0
VERTEX
8
Layer 1
10
111.698998
20
64.868743
70
0
0
VERTEX
8
Layer 1
10
111.738686
20
64.615537
70
0
0
SEQEND
8
Layer 1
0
POLYLINE
8
Layer 1
62
7
70
0
10
0.000000
20
0.000000
66
1
0
VERTEX
8
Layer 1
10
111.738686
20
64.615537
70
0
0
VERTEX
8
Layer 1
10
111.804832
20
64.367622
70
0
0
SEQEND
8
Layer 1
0
POLYLINE
8
Layer 1
62
7
70
0
10
0.000000
20
0.000000
66
1
0
VERTEX
8
Layer 1
10
111.804832
20
64.367622
70
0
0
VERTEX
8
Layer 1
10
111.897436
20
64.128439
70
0
0
SEQEND
8
Layer 1
0
POLYLINE
8
Layer 1
62
7
70
0
10
0.000000
20
0.000000
66
1
0
VERTEX
8
Layer 1
10
111.897436
20
64.128439
70
0
0
VERTEX
8
Layer 1
10
112.013852
20
63.899840
70
0
0
SEQEND
8
Layer 1
0
POLYLINE
8
Layer 1
62
7
70
0
10
0.000000
20
0.000000
66
1
0
VERTEX
8
Layer 1
10
112.013852
20
63.899840
70
0
0
VERTEX
8
Layer 1
10
112.154081
20
63.684734
70
0
0
SEQEND
8
Layer 1
0
POLYLINE
8
Layer 1
62
7
70
0
10
0.000000
20
0.000000
66
1
0
VERTEX
8
Layer 1
10
112.154081
20
63.684734
70
0
0
VERTEX
8
Layer 1
10
112.312831
20
63.485503
70
0
0
SEQEND
8
Layer 1
0
POLYLINE
8
Layer 1
62
7
70
0
10
0.000000
20
0.000000
66
1
0
VERTEX
8
Layer 1
10
112.312831
20
63.485503
70
0
0
VERTEX
8
Layer 1
10
112.495393
20
63.303999
70
0
0
SEQEND
8
Layer 1
0
POLYLINE
8
Layer 1
62
7
70
0
10
0.000000
20
0.000000
66
1
0
VERTEX
8
Layer 1
10
112.495393
20
63.303999
70
0
0
VERTEX
8
Layer 1
10
112.693831
20
63.142603
70
0
0
SEQEND
8
Layer 1
0
POLYLINE
8
Layer 1
62
7
70
0
10
0.000000
20
0.000000
66
1
0
VERTEX
8
Layer 1
10
112.693831
20
63.142603
70
0
0
VERTEX
8
Layer 1
10
112.910789
20
63.002903
70
0
0
SEQEND
8
Layer 1
0
POLYLINE
8
Layer 1
62
7
70
0
10
0.000000
20
0.000000
66
1
0
VERTEX
8
Layer 1
10
112.910789
20
63.002903
70
0
0
VERTEX
8
Layer 1
10
113.138330
20
62.886751
70
0
0
SEQEND
8
Layer 1
0
POLYLINE
8
Layer 1
62
7
70
0
10
0.000000
20
0.000000
66
1
0
VERTEX
8
Layer 1
10
113.138330
20
62.886751
70
0
0
VERTEX
8
Layer 1
10
113.379100
20
62.794676
70
0
0
SEQEND
8
Layer 1
0
POLYLINE
8
Layer 1
62
7
70
0
10
0.000000
20
0.000000
66
1
0
VERTEX
8
Layer 1
10
113.379100
20
62.794676
70
0
0
VERTEX
8
Layer 1
10
113.625163
20
62.728266
70
0
0
SEQEND
8
Layer 1
0
POLYLINE
8
Layer 1
62
7
70
0
10
0.000000
20
0.000000
66
1
0
VERTEX
8
Layer 1
10
113.625163
20
62.728266
70
0
0
VERTEX
8
Layer 1
10
113.879162
20
62.688314
70
0
0
SEQEND
8
Layer 1
0
POLYLINE
8
Layer 1
62
7
70
0
10
0.000000
20
0.000000
66
1
0
VERTEX
8
Layer 1
10
113.879162
20
62.688314
70
0
0
VERTEX
8
Layer 1
10
114.135808
20
62.674820
70
0
0
SEQEND
8
Layer 1
0
POLYLINE
8
Layer 1
62
7
70
0
10
0.000000
20
0.000000
66
1
0
VERTEX
8
Layer 1
10
114.135808
20
62.674820
70
0
0
VERTEX
8
Layer 1
10
114.389808
20
62.688314
70
0
0
SEQEND
8
Layer 1
0
POLYLINE
8
Layer 1
62
7
70
0
10
0.000000
20
0.000000
66
1
0
VERTEX
8
Layer 1
10
114.389808
20
62.688314
70
0
0
VERTEX
8
Layer 1
10
114.643807
20
62.728266
70
0
0
SEQEND
8
Layer 1
0
POLYLINE
8
Layer 1
62
7
70
0
10
0.000000
20
0.000000
66
1
0
VERTEX
8
Layer 1
10
114.643807
20
62.728266
70
0
0
VERTEX
8
Layer 1
10
114.892515
20
62.794676
70
0
0
SEQEND
8
Layer 1
0
POLYLINE
8
Layer 1
62
7
70
0
10
0.000000
20
0.000000
66
1
0
VERTEX
8
Layer 1
10
114.892515
20
62.794676
70
0
0
VERTEX
8
Layer 1
10
115.133286
20
62.886751
70
0
0
SEQEND
8
Layer 1
0
POLYLINE
8
Layer 1
62
7
70
0
10
0.000000
20
0.000000
66
1
0
VERTEX
8
Layer 1
10
115.133286
20
62.886751
70
0
0
VERTEX
8
Layer 1
10
115.360827
20
63.002903
70
0
0
SEQEND
8
Layer 1
0
POLYLINE
8
Layer 1
62
7
70
0
10
0.000000
20
0.000000
66
1
0
VERTEX
8
Layer 1
10
115.360827
20
63.002903
70
0
0
VERTEX
8
Layer 1
10
115.575139
20
63.142603
70
0
0
SEQEND
8
Layer 1
0
POLYLINE
8
Layer 1
62
7
70
0
10
0.000000
20
0.000000
66
1
0
VERTEX
8
Layer 1
10
115.575139
20
63.142603
70
0
0
VERTEX
8
Layer 1
10
115.773577
20
63.303999
70
0
0
SEQEND
8
Layer 1
0
POLYLINE
8
Layer 1
62
7
70
0
10
0.000000
20
0.000000
66
1
0
VERTEX
8
Layer 1
10
115.773577
20
63.303999
70
0
0
VERTEX
8
Layer 1
10
115.956139
20
63.485503
70
0
0
SEQEND
8
Layer 1
0
POLYLINE
8
Layer 1
62
7
70
0
10
0.000000
20
0.000000
66
1
0
VERTEX
8
Layer 1
10
115.956139
20
63.485503
70
0
0
VERTEX
8
Layer 1
10
116.117535
20
63.684734
70
0
0
SEQEND
8
Layer 1
0
POLYLINE
8
Layer 1
62
7
70
0
10
0.000000
20
0.000000
66
1
0
VERTEX
8
Layer 1
10
116.117535
20
63.684734
70
0
0
VERTEX
8
Layer 1
10
116.257764
20
63.899840
70
0
0
SEQEND
8
Layer 1
0
POLYLINE
8
Layer 1
62
7
70
0
10
0.000000
20
0.000000
66
1
0
VERTEX
8
Layer 1
10
116.257764
20
63.899840
70
0
0
VERTEX
8
Layer 1
10
116.374180
20
64.128439
70
0
0
SEQEND
8
Layer 1
0
POLYLINE
8
Layer 1
62
7
70
0
10
0.000000
20
0.000000
66
1
0
VERTEX
8
Layer 1
10
116.374180
20
64.128439
70
0
0
VERTEX
8
Layer 1
10
116.464138
20
64.367622
70
0
0
SEQEND
8
Layer 1
0
POLYLINE
8
Layer 1
62
7
70
0
10
0.000000
20
0.000000
66
1
0
VERTEX
8
Layer 1
10
116.464138
20
64.367622
70
0
0
VERTEX
8
Layer 1
10
116.530284
20
64.615537
70
0
0
SEQEND
8
Layer 1
0
POLYLINE
8
Layer 1
62
7
70
0
10
0.000000
20
0.000000
66
1
0
VERTEX
8
Layer 1
10
116.530284
20
64.615537
70
0
0
VERTEX
8
Layer 1
10
116.572617
20
64.868743
70
0
0
SEQEND
8
Layer 1
0
POLYLINE
8
Layer 1
62
7
70
0
10
0.000000
20
0.000000
66
1
0
VERTEX
8
Layer 1
10
116.572617
20
64.868743
70
0
0
VERTEX
8
Layer 1
10
116.585846
20
65.124859
70
0
0
SEQEND
8
Layer 1
0
POLYLINE
8
Layer 1
62
7
70
0
10
0.000000
20
0.000000
66
1
0
VERTEX
8
Layer 1
10
116.585846
20
65.124859
70
0
0
VERTEX
8
Layer 1
10
116.572617
20
65.380975
70
0
0
SEQEND
8
Layer 1
0
POLYLINE
8
Layer 1
62
7
70
0
10
0.000000
20
0.000000
66
1
0
VERTEX
8
Layer 1
10
134.352595
20
65.380975
70
0
0
VERTEX
8
Layer 1
10
134.310262
20
65.634181
70
0
0
SEQEND
8
Layer 1
0
POLYLINE
8
Layer 1
62
7
70
0
10
0.000000
20
0.000000
66
1
0
VERTEX
8
Layer 1
10
134.310262
20
65.634181
70
0
0
VERTEX
8
Layer 1
10
134.244116
20
65.881831
70
0
0
SEQEND
8
Layer 1
0
POLYLINE
8
Layer 1
62
7
70
0
10
0.000000
20
0.000000
66
1
0
VERTEX
8
Layer 1
10
134.244116
20
65.881831
70
0
0
VERTEX
8
Layer 1
10
134.154158
20
66.121279
70
0
0
SEQEND
8
Layer 1
0
POLYLINE
8
Layer 1
62
7
70
0
10
0.000000
20
0.000000
66
1
0
VERTEX
8
Layer 1
10
134.154158
20
66.121279
70
0
0
VERTEX
8
Layer 1
10
134.037741
20
66.349878
70
0
0
SEQEND
8
Layer 1
0
POLYLINE
8
Layer 1
62
7
70
0
10
0.000000
20
0.000000
66
1
0
VERTEX
8
Layer 1
10
134.037741
20
66.349878
70
0
0
VERTEX
8
Layer 1
10
133.897512
20
66.564984
70
0
0
SEQEND
8
Layer 1
0
POLYLINE
8
Layer 1
62
7
70
0
10
0.000000
20
0.000000
66
1
0
VERTEX
8
Layer 1
10
133.897512
20
66.564984
70
0
0
VERTEX
8
Layer 1
10
133.736117
20
66.764215
70
0
0
SEQEND
8
Layer 1
0
POLYLINE
8
Layer 1
62
7
70
0
10
0.000000
20
0.000000
66
1
0
VERTEX
8
Layer 1
10
133.736117
20
66.764215
70
0
0
VERTEX
8
Layer 1
10
133.553554
20
66.945455
70
0
0
SEQEND
8
Layer 1
0
POLYLINE
8
Layer 1
62
7
70
0
10
0.000000
20
0.000000
66
1
0
VERTEX
8
Layer 1
10
133.553554
20
66.945455
70
0
0
VERTEX
8
Layer 1
10
133.355117
20
67.106850
70
0
0
SEQEND
8
Layer 1
0
POLYLINE
8
Layer 1
62
7
70
0
10
0.000000
20
0.000000
66
1
0
VERTEX
8
Layer 1
10
133.355117
20
67.106850
70
0
0
VERTEX
8
Layer 1
10
133.140805
20
67.246550
70
0
0
SEQEND
8
Layer 1
0
POLYLINE
8
Layer 1
62
7
70
0
10
0.000000
20
0.000000
66
1
0
VERTEX
8
Layer 1
10
133.140805
20
67.246550
70
0
0
VERTEX
8
Layer 1
10
132.910618
20
67.362967
70
0
0
SEQEND
8
Layer 1
0
POLYLINE
8
Layer 1
62
7
70
0
10
0.000000
20
0.000000
66
1
0
VERTEX
8
Layer 1
10
132.910618
20
67.362967
70
0
0
VERTEX
8
Layer 1
10
132.672493
20
67.455041
70
0
0
SEQEND
8
Layer 1
0
POLYLINE
8
Layer 1
62
7
70
0
10
0.000000
20
0.000000
66
1
0
VERTEX
8
Layer 1
10
132.672493
20
67.455041
70
0
0
VERTEX
8
Layer 1
10
132.423785
20
67.521187
70
0
0
SEQEND
8
Layer 1
0
POLYLINE
8
Layer 1
62
7
70
0
10
0.000000
20
0.000000
66
1
0
VERTEX
8
Layer 1
10
132.423785
20
67.521187
70
0
0
VERTEX
8
Layer 1
10
132.169785
20
67.561404
70
0
0
SEQEND
8
Layer 1
0
POLYLINE
8
Layer 1
62
7
70
0
10
0.000000
20
0.000000
66
1
0
VERTEX
8
Layer 1
10
132.169785
20
67.561404
70
0
0
VERTEX
8
Layer 1
10
131.915785
20
67.574898
70
0
0
SEQEND
8
Layer 1
0
POLYLINE
8
Layer 1
62
7
70
0
10
0.000000
20
0.000000
66
1
0
VERTEX
8
Layer 1
10
131.915785
20
67.574898
70
0
0
VERTEX
8
Layer 1
10
131.659140
20
67.561404
70
0
0
SEQEND
8
Layer 1
0
POLYLINE
8
Layer 1
62
7
70
0
10
0.000000
20
0.000000
66
1
0
VERTEX
8
Layer 1
10
131.659140
20
67.561404
70
0
0
VERTEX
8
Layer 1
10
131.405140
20
67.521187
70
0
0
SEQEND
8
Layer 1
0
POLYLINE
8
Layer 1
62
7
70
0
10
0.000000
20
0.000000
66
1
0
VERTEX
8
Layer 1
10
131.405140
20
67.521187
70
0
0
VERTEX
8
Layer 1
10
131.159078
20
67.455041
70
0
0
SEQEND
8
Layer 1
0
POLYLINE
8
Layer 1
62
7
70
0
10
0.000000
20
0.000000
66
1
0
VERTEX
8
Layer 1
10
131.159078
20
67.455041
70
0
0
VERTEX
8
Layer 1
10
130.918308
20
67.362967
70
0
0
SEQEND
8
Layer 1
0
POLYLINE
8
Layer 1
62
7
70
0
10
0.000000
20
0.000000
66
1
0
VERTEX
8
Layer 1
10
130.918308
20
67.362967
70
0
0
VERTEX
8
Layer 1
10
130.690766
20
67.246550
70
0
0
SEQEND
8
Layer 1
0
POLYLINE
8
Layer 1
62
7
70
0
10
0.000000
20
0.000000
66
1
0
VERTEX
8
Layer 1
10
130.690766
20
67.246550
70
0
0
VERTEX
8
Layer 1
10
130.473808
20
67.106850
70
0
0
SEQEND
8
Layer 1
0
POLYLINE
8
Layer 1
62
7
70
0
10
0.000000
20
0.000000
66
1
0
VERTEX
8
Layer 1
10
130.473808
20
67.106850
70
0
0
VERTEX
8
Layer 1
10
130.275371
20
66.945455
70
0
0
SEQEND
8
Layer 1
0
POLYLINE
8
Layer 1
62
7
70
0
10
0.000000
20
0.000000
66
1
0
VERTEX
8
Layer 1
10
130.275371
20
66.945455
70
0
0
VERTEX
8
Layer 1
10
130.092809
20
66.764215
70
0
0
SEQEND
8
Layer 1
0
POLYLINE
8
Layer 1
62
7
70
0
10
0.000000
20
0.000000
66
1
0
VERTEX
8
Layer 1
10
130.092809
20
66.764215
70
0
0
VERTEX
8
Layer 1
10
129.934059
20
66.564984
70
0
0
SEQEND
8
Layer 1
0
POLYLINE
8
Layer 1
62
7
70
0
10
0.000000
20
0.000000
66
1
0
VERTEX
8
Layer 1
10
129.934059
20
66.564984
70
0
0
VERTEX
8
Layer 1
10
129.793830
20
66.349878
70
0
0
SEQEND
8
Layer 1
0
POLYLINE
8
Layer 1
62
7
70
0
10
0.000000
20
0.000000
66
1
0
VERTEX
8
Layer 1
10
129.793830
20
66.349878
70
0
0
VERTEX
8
Layer 1
10
129.677413
20
66.121279
70
0
0
SEQEND
8
Layer 1
0
POLYLINE
8
Layer 1
62
7
70
0
10
0.000000
20
0.000000
66
1
0
VERTEX
8
Layer 1
10
129.677413
20
66.121279
70
0
0
VERTEX
8
Layer 1
10
129.584809
20
65.881831
70
0
0
SEQEND
8
Layer 1
0
POLYLINE
8
Layer 1
62
7
70
0
10
0.000000
20
0.000000
66
1
0
VERTEX
8
Layer 1
10
129.584809
20
65.881831
70
0
0
VERTEX
8
Layer 1
10
129.518663
20
65.634181
70
0
0
SEQEND
8
Layer 1
0
POLYLINE
8
Layer 1
62
7
70
0
10
0.000000
20
0.000000
66
1
0
VERTEX
8
Layer 1
10
129.518663
20
65.634181
70
0
0
VERTEX
8
Layer 1
10
129.478976
20
65.380975
70
0
0
SEQEND
8
Layer 1
0
POLYLINE
8
Layer 1
62
7
70
0
10
0.000000
20
0.000000
66
1
0
VERTEX
8
Layer 1
10
129.478976
20
65.380975
70
0
0
VERTEX
8
Layer 1
10
129.465747
20
65.124859
70
0
0
SEQEND
8
Layer 1
0
POLYLINE
8
Layer 1
62
7
70
0
10
0.000000
20
0.000000
66
1
0
VERTEX
8
Layer 1
10
129.465747
20
65.124859
70
0
0
VERTEX
8
Layer 1
10
129.478976
20
64.868743
70
0
0
SEQEND
8
Layer 1
0
POLYLINE
8
Layer 1
62
7
70
0
10
0.000000
20
0.000000
66
1
0
VERTEX
8
Layer 1
10
129.478976
20
64.868743
70
0
0
VERTEX
8
Layer 1
10
129.518663
20
64.615537
70
0
0
SEQEND
8
Layer 1
0
POLYLINE
8
Layer 1
62
7
70
0
10
0.000000
20
0.000000
66
1
0
VERTEX
8
Layer 1
10
129.518663
20
64.615537
70
0
0
VERTEX
8
Layer 1
10
129.584809
20
64.367622
70
0
0
SEQEND
8
Layer 1
0
POLYLINE
8
Layer 1
62
7
70
0
10
0.000000
20
0.000000
66
1
0
VERTEX
8
Layer 1
10
129.584809
20
64.367622
70
0
0
VERTEX
8
Layer 1
10
129.677413
20
64.128439
70
0
0
SEQEND
8
Layer 1
0
POLYLINE
8
Layer 1
62
7
70
0
10
0.000000
20
0.000000
66
1
0
VERTEX
8
Layer 1
10
129.677413
20
64.128439
70
0
0
VERTEX
8
Layer 1
10
129.793830
20
63.899840
70
0
0
SEQEND
8
Layer 1
0
POLYLINE
8
Layer 1
62
7
70
0
10
0.000000
20
0.000000
66
1
0
VERTEX
8
Layer 1
10
129.793830
20
63.899840
70
0
0
VERTEX
8
Layer 1
10
129.934059
20
63.684734
70
0
0
SEQEND
8
Layer 1
0
POLYLINE
8
Layer 1
62
7
70
0
10
0.000000
20
0.000000
66
1
0
VERTEX
8
Layer 1
10
129.934059
20
63.684734
70
0
0
VERTEX
8
Layer 1
10
130.092809
20
63.485503
70
0
0
SEQEND
8
Layer 1
0
POLYLINE
8
Layer 1
62
7
70
0
10
0.000000
20
0.000000
66
1
0
VERTEX
8
Layer 1
10
130.092809
20
63.485503
70
0
0
VERTEX
8
Layer 1
10
130.275371
20
63.303999
70
0
0
SEQEND
8
Layer 1
0
POLYLINE
8
Layer 1
62
7
70
0
10
0.000000
20
0.000000
66
1
0
VERTEX
8
Layer 1
10
130.275371
20
63.303999
70
0
0
VERTEX
8
Layer 1
10
130.473808
20
63.142603
70
0
0
SEQEND
8
Layer 1
0
POLYLINE
8
Layer 1
62
7
70
0
10
0.000000
20
0.000000
66
1
0
VERTEX
8
Layer 1
10
130.473808
20
63.142603
70
0
0
VERTEX
8
Layer 1
10
130.690766
20
63.002903
70
0
0
SEQEND
8
Layer 1
0
POLYLINE
8
Layer 1
62
7
70
0
10
0.000000
20
0.000000
66
1
0
VERTEX
8
Layer 1
10
130.690766
20
63.002903
70
0
0
VERTEX
8
Layer 1
10
130.918308
20
62.886751
70
0
0
SEQEND
8
Layer 1
0
POLYLINE
8
Layer 1
62
7
70
0
10
0.000000
20
0.000000
66
1
0
VERTEX
8
Layer 1
10
130.918308
20
62.886751
70
0
0
VERTEX
8
Layer 1
10
131.159078
20
62.794676
70
0
0
SEQEND
8
Layer 1
0
POLYLINE
8
Layer 1
62
7
70
0
10
0.000000
20
0.000000
66
1
0
VERTEX
8
Layer 1
10
131.159078
20
62.794676
70
0
0
VERTEX
8
Layer 1
10
131.405140
20
62.728266
70
0
0
SEQEND
8
Layer 1
0
POLYLINE
8
Layer 1
62
7
70
0
10
0.000000
20
0.000000
66
1
0
VERTEX
8
Layer 1
10
131.405140
20
62.728266
70
0
0
VERTEX
8
Layer 1
10
131.659140
20
62.688314
70
0
0
SEQEND
8
Layer 1
0
POLYLINE
8
Layer 1
62
7
70
0
10
0.000000
20
0.000000
66
1
0
VERTEX
8
Layer 1
10
131.659140
20
62.688314
70
0
0
VERTEX
8
Layer 1
10
131.915785
20
62.674820
70
0
0
SEQEND
8
Layer 1
0
POLYLINE
8
Layer 1
62
7
70
0
10
0.000000
20
0.000000
66
1
0
VERTEX
8
Layer 1
10
131.915785
20
62.674820
70
0
0
VERTEX
8
Layer 1
10
132.169785
20
62.688314
70
0
0
SEQEND
8
Layer 1
0
POLYLINE
8
Layer 1
62
7
70
0
10
0.000000
20
0.000000
66
1
0
VERTEX
8
Layer 1
10
132.169785
20
62.688314
70
0
0
VERTEX
8
Layer 1
10
132.423785
20
62.728266
70
0
0
SEQEND
8
Layer 1
0
POLYLINE
8
Layer 1
62
7
70
0
10
0.000000
20
0.000000
66
1
0
VERTEX
8
Layer 1
10
132.423785
20
62.728266
70
0
0
VERTEX
8
Layer 1
10
132.672493
20
62.794676
70
0
0
SEQEND
8
Layer 1
0
POLYLINE
8
Layer 1
62
7
70
0
10
0.000000
20
0.000000
66
1
0
VERTEX
8
Layer 1
10
132.672493
20
62.794676
70
0
0
VERTEX
8
Layer 1
10
132.910618
20
62.886751
70
0
0
SEQEND
8
Layer 1
0
POLYLINE
8
Layer 1
62
7
70
0
10
0.000000
20
0.000000
66
1
0
VERTEX
8
Layer 1
10
132.910618
20
62.886751
70
0
0
VERTEX
8
Layer 1
10
133.140805
20
63.002903
70
0
0
SEQEND
8
Layer 1
0
POLYLINE
8
Layer 1
62
7
70
0
10
0.000000
20
0.000000
66
1
0
VERTEX
8
Layer 1
10
133.140805
20
63.002903
70
0
0
VERTEX
8
Layer 1
10
133.355117
20
63.142603
70
0
0
SEQEND
8
Layer 1
0
POLYLINE
8
Layer 1
62
7
70
0
10
0.000000
20
0.000000
66
1
0
VERTEX
8
Layer 1
10
133.355117
20
63.142603
70
0
0
VERTEX
8
Layer 1
10
133.553554
20
63.303999
70
0
0
SEQEND
8
Layer 1
0
POLYLINE
8
Layer 1
62
7
70
0
10
0.000000
20
0.000000
66
1
0
VERTEX
8
Layer 1
10
133.553554
20
63.303999
70
0
0
VERTEX
8
Layer 1
10
133.736117
20
63.485503
70
0
0
SEQEND
8
Layer 1
0
POLYLINE
8
Layer 1
62
7
70
0
10
0.000000
20
0.000000
66
1
0
VERTEX
8
Layer 1
10
133.736117
20
63.485503
70
0
0
VERTEX
8
Layer 1
10
133.897512
20
63.684734
70
0
0
SEQEND
8
Layer 1
0
POLYLINE
8
Layer 1
62
7
70
0
10
0.000000
20
0.000000
66
1
0
VERTEX
8
Layer 1
10
133.897512
20
63.684734
70
0
0
VERTEX
8
Layer 1
10
134.037741
20
63.899840
70
0
0
SEQEND
8
Layer 1
0
POLYLINE
8
Layer 1
62
7
70
0
10
0.000000
20
0.000000
66
1
0
VERTEX
8
Layer 1
10
134.037741
20
63.899840
70
0
0
VERTEX
8
Layer 1
10
134.154158
20
64.128439
70
0
0
SEQEND
8
Layer 1
0
POLYLINE
8
Layer 1
62
7
70
0
10
0.000000
20
0.000000
66
1
0
VERTEX
8
Layer 1
10
134.154158
20
64.128439
70
0
0
VERTEX
8
Layer 1
10
134.244116
20
64.367622
70
0
0
SEQEND
8
Layer 1
0
POLYLINE
8
Layer 1
62
7
70
0
10
0.000000
20
0.000000
66
1
0
VERTEX
8
Layer 1
10
134.244116
20
64.367622
70
0
0
VERTEX
8
Layer 1
10
134.310262
20
64.615537
70
0
0
SEQEND
8
Layer 1
0
POLYLINE
8
Layer 1
62
7
70
0
10
0.000000
20
0.000000
66
1
0
VERTEX
8
Layer 1
10
134.310262
20
64.615537
70
0
0
VERTEX
8
Layer 1
10
134.352595
20
64.868743
70
0
0
SEQEND
8
Layer 1
0
POLYLINE
8
Layer 1
62
7
70
0
10
0.000000
20
0.000000
66
1
0
VERTEX
8
Layer 1
10
134.352595
20
64.868743
70
0
0
VERTEX
8
Layer 1
10
134.365824
20
65.124859
70
0
0
SEQEND
8
Layer 1
0
POLYLINE
8
Layer 1
62
7
70
0
10
0.000000
20
0.000000
66
1
0
VERTEX
8
Layer 1
10
134.365824
20
65.124859
70
0
0
VERTEX
8
Layer 1
10
134.352595
20
65.380975
70
0
0
SEQEND
8
Layer 1
0
POLYLINE
8
Layer 1
62
7
70
0
10
0.000000
20
0.000000
66
1
0
VERTEX
8
Layer 1
10
152.132572
20
65.380975
70
0
0
VERTEX
8
Layer 1
10
152.090239
20
65.634181
70
0
0
SEQEND
8
Layer 1
0
POLYLINE
8
Layer 1
62
7
70
0
10
0.000000
20
0.000000
66
1
0
VERTEX
8
Layer 1
10
152.090239
20
65.634181
70
0
0
VERTEX
8
Layer 1
10
152.024093
20
65.881831
70
0
0
SEQEND
8
Layer 1
0
POLYLINE
8
Layer 1
62
7
70
0
10
0.000000
20
0.000000
66
1
0
VERTEX
8
Layer 1
10
152.024093
20
65.881831
70
0
0
VERTEX
8
Layer 1
10
151.934135
20
66.121279
70
0
0
SEQEND
8
Layer 1
0
POLYLINE
8
Layer 1
62
7
70
0
10
0.000000
20
0.000000
66
1
0
VERTEX
8
Layer 1
10
151.934135
20
66.121279
70
0
0
VERTEX
8
Layer 1
10
151.817719
20
66.349878
70
0
0
SEQEND
8
Layer 1
0
POLYLINE
8
Layer 1
62
7
70
0
10
0.000000
20
0.000000
66
1
0
VERTEX
8
Layer 1
10
151.817719
20
66.349878
70
0
0
VERTEX
8
Layer 1
10
151.677490
20
66.564984
70
0
0
SEQEND
8
Layer 1
0
POLYLINE
8
Layer 1
62
7
70
0
10
0.000000
20
0.000000
66
1
0
VERTEX
8
Layer 1
10
151.677490
20
66.564984
70
0
0
VERTEX
8
Layer 1
10
151.516094
20
66.764215
70
0
0
SEQEND
8
Layer 1
0
POLYLINE
8
Layer 1
62
7
70
0
10
0.000000
20
0.000000
66
1
0
VERTEX
8
Layer 1
10
151.516094
20
66.764215
70
0
0
VERTEX
8
Layer 1
10
151.333532
20
66.945455
70
0
0
SEQEND
8
Layer 1
0
POLYLINE
8
Layer 1
62
7
70
0
10
0.000000
20
0.000000
66
1
0
VERTEX
8
Layer 1
10
151.333532
20
66.945455
70
0
0
VERTEX
8
Layer 1
10
151.135095
20
67.106850
70
0
0
SEQEND
8
Layer 1
0
POLYLINE
8
Layer 1
62
7
70
0
10
0.000000
20
0.000000
66
1
0
VERTEX
8
Layer 1
10
151.135095
20
67.106850
70
0
0
VERTEX
8
Layer 1
10
150.920782
20
67.246550
70
0
0
SEQEND
8
Layer 1
0
POLYLINE
8
Layer 1
62
7
70
0
10
0.000000
20
0.000000
66
1
0
VERTEX
8
Layer 1
10
150.920782
20
67.246550
70
0
0
VERTEX
8
Layer 1
10
150.693241
20
67.362967
70
0
0
SEQEND
8
Layer 1
0
POLYLINE
8
Layer 1
62
7
70
0
10
0.000000
20
0.000000
66
1
0
VERTEX
8
Layer 1
10
150.693241
20
67.362967
70
0
0
VERTEX
8
Layer 1
10
150.452470
20
67.455041
70
0
0
SEQEND
8
Layer 1
0
POLYLINE
8
Layer 1
62
7
70
0
10
0.000000
20
0.000000
66
1
0
VERTEX
8
Layer 1
10
150.452470
20
67.455041
70
0
0
VERTEX
8
Layer 1
10
150.203762
20
67.521187
70
0
0
SEQEND
8
Layer 1
0
POLYLINE
8
Layer 1
62
7
70
0
10
0.000000
20
0.000000
66
1
0
VERTEX
8
Layer 1
10
150.203762
20
67.521187
70
0
0
VERTEX
8
Layer 1
10
149.949763
20
67.561404
70
0
0
SEQEND
8
Layer 1
0
POLYLINE
8
Layer 1
62
7
70
0
10
0.000000
20
0.000000
66
1
0
VERTEX
8
Layer 1
10
149.949763
20
67.561404
70
0
0
VERTEX
8
Layer 1
10
149.695763
20
67.574898
70
0
0
SEQEND
8
Layer 1
0
POLYLINE
8
Layer 1
62
7
70
0
10
0.000000
20
0.000000
66
1
0
VERTEX
8
Layer 1
10
149.695763
20
67.574898
70
0
0
VERTEX
8
Layer 1
10
149.439118
20
67.561404
70
0
0
SEQEND
8
Layer 1
0
POLYLINE
8
Layer 1
62
7
70
0
10
0.000000
20
0.000000
66
1
0
VERTEX
8
Layer 1
10
149.439118
20
67.561404
70
0
0
VERTEX
8
Layer 1
10
149.185118
20
67.521187
70
0
0
SEQEND
8
Layer 1
0
POLYLINE
8
Layer 1
62
7
70
0
10
0.000000
20
0.000000
66
1
0
VERTEX
8
Layer 1
10
149.185118
20
67.521187
70
0
0
VERTEX
8
Layer 1
10
148.939056
20
67.455041
70
0
0
SEQEND
8
Layer 1
0
POLYLINE
8
Layer 1
62
7
70
0
10
0.000000
20
0.000000
66
1
0
VERTEX
8
Layer 1
10
148.939056
20
67.455041
70
0
0
VERTEX
8
Layer 1
10
148.698285
20
67.362967
70
0
0
SEQEND
8
Layer 1
0
POLYLINE
8
Layer 1
62
7
70
0
10
0.000000
20
0.000000
66
1
0
VERTEX
8
Layer 1
10
148.698285
20
67.362967
70
0
0
VERTEX
8
Layer 1
10
148.470744
20
67.246550
70
0
0
SEQEND
8
Layer 1
0
POLYLINE
8
Layer 1
62
7
70
0
10
0.000000
20
0.000000
66
1
0
VERTEX
8
Layer 1
10
148.470744
20
67.246550
70
0
0
VERTEX
8
Layer 1
10
148.253786
20
67.106850
70
0
0
SEQEND
8
Layer 1
0
POLYLINE
8
Layer 1
62
7
70
0
10
0.000000
20
0.000000
66
1
0
VERTEX
8
Layer 1
10
148.253786
20
67.106850
70
0
0
VERTEX
8
Layer 1
10
148.055348
20
66.945455
70
0
0
SEQEND
8
Layer 1
0
POLYLINE
8
Layer 1
62
7
70
0
10
0.000000
20
0.000000
66
1
0
VERTEX
8
Layer 1
10
148.055348
20
66.945455
70
0
0
VERTEX
8
Layer 1
10
147.872786
20
66.764215
70
0
0
SEQEND
8
Layer 1
0
POLYLINE
8
Layer 1
62
7
70
0
10
0.000000
20
0.000000
66
1
0
VERTEX
8
Layer 1
10
147.872786
20
66.764215
70
0
0
VERTEX
8
Layer 1
10
147.714036
20
66.564984
70
0
0
SEQEND
8
Layer 1
0
POLYLINE
8
Layer 1
62
7
70
0
10
0.000000
20
0.000000
66
1
0
VERTEX
8
Layer 1
10
147.714036
20
66.564984
70
0
0
VERTEX
8
Layer 1
10
147.573807
20
66.349878
70
0
0
SEQEND
8
Layer 1
0
POLYLINE
8
Layer 1
62
7
70
0
10
0.000000
20
0.000000
66
1
0
VERTEX
8
Layer 1
10
147.573807
20
66.349878
70
0
0
VERTEX
8
Layer 1
10
147.457391
20
66.121279
70
0
0
SEQEND
8
Layer 1
0
POLYLINE
8
Layer 1
62
7
70
0
10
0.000000
20
0.000000
66
1
0
VERTEX
8
Layer 1
10
147.457391
20
66.121279
70
0
0
VERTEX
8
Layer 1
10
147.364787
20
65.881831
70
0
0
SEQEND
8
Layer 1
0
POLYLINE
8
Layer 1
62
7
70
0
10
0.000000
20
0.000000
66
1
0
VERTEX
8
Layer 1
10
147.364787
20
65.881831
70
0
0
VERTEX
8
Layer 1
10
147.298641
20
65.634181
70
0
0
SEQEND
8
Layer 1
0
POLYLINE
8
Layer 1
62
7
70
0
10
0.000000
20
0.000000
66
1
0
VERTEX
8
Layer 1
10
147.298641
20
65.634181
70
0
0
VERTEX
8
Layer 1
10
147.258954
20
65.380975
70
0
0
SEQEND
8
Layer 1
0
POLYLINE
8
Layer 1
62
7
70
0
10
0.000000
20
0.000000
66
1
0
VERTEX
8
Layer 1
10
147.258954
20
65.380975
70
0
0
VERTEX
8
Layer 1
10
147.245724
20
65.124859
70
0
0
SEQEND
8
Layer 1
0
POLYLINE
8
Layer 1
62
7
70
0
10
0.000000
20
0.000000
66
1
0
VERTEX
8
Layer 1
10
147.245724
20
65.124859
70
0
0
VERTEX
8
Layer 1
10
147.258954
20
64.868743
70
0
0
SEQEND
8
Layer 1
0
POLYLINE
8
Layer 1
62
7
70
0
10
0.000000
20
0.000000
66
1
0
VERTEX
8
Layer 1
10
147.258954
20
64.868743
70
0
0
VERTEX
8
Layer 1
10
147.298641
20
64.615537
70
0
0
SEQEND
8
Layer 1
0
POLYLINE
8
Layer 1
62
7
70
0
10
0.000000
20
0.000000
66
1
0
VERTEX
8
Layer 1
10
147.298641
20
64.615537
70
0
0
VERTEX
8
Layer 1
10
147.364787
20
64.367622
70
0
0
SEQEND
8
Layer 1
0
POLYLINE
8
Layer 1
62
7
70
0
10
0.000000
20
0.000000
66
1
0
VERTEX
8
Layer 1
10
147.364787
20
64.367622
70
0
0
VERTEX
8
Layer 1
10
147.457391
20
64.128439
70
0
0
SEQEND
8
Layer 1
0
POLYLINE
8
Layer 1
62
7
70
0
10
0.000000
20
0.000000
66
1
0
VERTEX
8
Layer 1
10
147.457391
20
64.128439
70
0
0
VERTEX
8
Layer 1
10
147.573807
20
63.899840
70
0
0
SEQEND
8
Layer 1
0
POLYLINE
8
Layer 1
62
7
70
0
10
0.000000
20
0.000000
66
1
0
VERTEX
8
Layer 1
10
147.573807
20
63.899840
70
0
0
VERTEX
8
Layer 1
10
147.714036
20
63.684734
70
0
0
SEQEND
8
Layer 1
0
POLYLINE
8
Layer 1
62
7
70
0
10
0.000000
20
0.000000
66
1
0
VERTEX
8
Layer 1
10
147.714036
20
63.684734
70
0
0
VERTEX
8
Layer 1
10
147.872786
20
63.485503
70
0
0
SEQEND
8
Layer 1
0
POLYLINE
8
Layer 1
62
7
70
0
10
0.000000
20
0.000000
66
1
0
VERTEX
8
Layer 1
10
147.872786
20
63.485503
70
0
0
VERTEX
8
Layer 1
10
148.055348
20
63.303999
70
0
0
SEQEND
8
Layer 1
0
POLYLINE
8
Layer 1
62
7
70
0
10
0.000000
20
0.000000
66
1
0
VERTEX
8
Layer 1
10
148.055348
20
63.303999
70
0
0
VERTEX
8
Layer 1
10
148.253786
20
63.142603
70
0
0
SEQEND
8
Layer 1
0
POLYLINE
8
Layer 1
62
7
70
0
10
0.000000
20
0.000000
66
1
0
VERTEX
8
Layer 1
10
148.253786
20
63.142603
70
0
0
VERTEX
8
Layer 1
10
148.470744
20
63.002903
70
0
0
SEQEND
8
Layer 1
0
POLYLINE
8
Layer 1
62
7
70
0
10
0.000000
20
0.000000
66
1
0
VERTEX
8
Layer 1
10
148.470744
20
63.002903
70
0
0
VERTEX
8
Layer 1
10
148.698285
20
62.886751
70
0
0
SEQEND
8
Layer 1
0
POLYLINE
8
Layer 1
62
7
70
0
10
0.000000
20
0.000000
66
1
0
VERTEX
8
Layer 1
10
148.698285
20
62.886751
70
0
0
VERTEX
8
Layer 1
10
148.939056
20
62.794676
70
0
0
SEQEND
8
Layer 1
0
POLYLINE
8
Layer 1
62
7
70
0
10
0.000000
20
0.000000
66
1
0
VERTEX
8
Layer 1
10
148.939056
20
62.794676
70
0
0
VERTEX
8
Layer 1
10
149.185118
20
62.728266
70
0
0
SEQEND
8
Layer 1
0
POLYLINE
8
Layer 1
62
7
70
0
10
0.000000
20
0.000000
66
1
0
VERTEX
8
Layer 1
10
149.185118
20
62.728266
70
0
0
VERTEX
8
Layer 1
10
149.439118
20
62.688314
70
0
0
SEQEND
8
Layer 1
0
POLYLINE
8
Layer 1
62
7
70
0
10
0.000000
20
0.000000
66
1
0
VERTEX
8
Layer 1
10
149.439118
20
62.688314
70
0
0
VERTEX
8
Layer 1
10
149.695763
20
62.674820
70
0
0
SEQEND
8
Layer 1
0
POLYLINE
8
Layer 1
62
7
70
0
10
0.000000
20
0.000000
66
1
0
VERTEX
8
Layer 1
10
149.695763
20
62.674820
70
0
0
VERTEX
8
Layer 1
10
149.949763
20
62.688314
70
0
0
SEQEND
8
Layer 1
0
POLYLINE
8
Layer 1
62
7
70
0
10
0.000000
20
0.000000
66
1
0
VERTEX
8
Layer 1
10
149.949763
20
62.688314
70
0
0
VERTEX
8
Layer 1
10
150.203762
20
62.728266
70
0
0
SEQEND
8
Layer 1
0
POLYLINE
8
Layer 1
62
7
70
0
10
0.000000
20
0.000000
66
1
0
VERTEX
8
Layer 1
10
150.203762
20
62.728266
70
0
0
VERTEX
8
Layer 1
10
150.452470
20
62.794676
70
0
0
SEQEND
8
Layer 1
0
POLYLINE
8
Layer 1
62
7
70
0
10
0.000000
20
0.000000
66
1
0
VERTEX
8
Layer 1
10
150.452470
20
62.794676
70
0
0
VERTEX
8
Layer 1
10
150.693241
20
62.886751
70
0
0
SEQEND
8
Layer 1
0
POLYLINE
8
Layer 1
62
7
70
0
10
0.000000
20
0.000000
66
1
0
VERTEX
8
Layer 1
10
150.693241
20
62.886751
70
0
0
VERTEX
8
Layer 1
10
150.920782
20
63.002903
70
0
0
SEQEND
8
Layer 1
0
POLYLINE
8
Layer 1
62
7
70
0
10
0.000000
20
0.000000
66
1
0
VERTEX
8
Layer 1
10
150.920782
20
63.002903
70
0
0
VERTEX
8
Layer 1
10
151.135095
20
63.142603
70
0
0
SEQEND
8
Layer 1
0
POLYLINE
8
Layer 1
62
7
70
0
10
0.000000
20
0.000000
66
1
0
VERTEX
8
Layer 1
10
151.135095
20
63.142603
70
0
0
VERTEX
8
Layer 1
10
151.333532
20
63.303999
70
0
0
SEQEND
8
Layer 1
0
POLYLINE
8
Layer 1
62
7
70
0
10
0.000000
20
0.000000
66
1
0
VERTEX
8
Layer 1
10
151.333532
20
63.303999
70
0
0
VERTEX
8
Layer 1
10
151.516094
20
63.485503
70
0
0
SEQEND
8
Layer 1
0
POLYLINE
8
Layer 1
62
7
70
0
10
0.000000
20
0.000000
66
1
0
VERTEX
8
Layer 1
10
151.516094
20
63.485503
70
0
0
VERTEX
8
Layer 1
10
151.677490
20
63.684734
70
0
0
SEQEND
8
Layer 1
0
POLYLINE
8
Layer 1
62
7
70
0
10
0.000000
20
0.000000
66
1
0
VERTEX
8
Layer 1
10
151.677490
20
63.684734
70
0
0
VERTEX
8
Layer 1
10
151.817719
20
63.899840
70
0
0
SEQEND
8
Layer 1
0
POLYLINE
8
Layer 1
62
7
70
0
10
0.000000
20
0.000000
66
1
0
VERTEX
8
Layer 1
10
151.817719
20
63.899840
70
0
0
VERTEX
8
Layer 1
10
151.934135
20
64.128439
70
0
0
SEQEND
8
Layer 1
0
POLYLINE
8
Layer 1
62
7
70
0
10
0.000000
20
0.000000
66
1
0
VERTEX
8
Layer 1
10
151.934135
20
64.128439
70
0
0
VERTEX
8
Layer 1
10
152.024093
20
64.367622
70
0
0
SEQEND
8
Layer 1
0
POLYLINE
8
Layer 1
62
7
70
0
10
0.000000
20
0.000000
66
1
0
VERTEX
8
Layer 1
10
152.024093
20
64.367622
70
0
0
VERTEX
8
Layer 1
10
152.090239
20
64.615537
70
0
0
SEQEND
8
Layer 1
0
POLYLINE
8
Layer 1
62
7
70
0
10
0.000000
20
0.000000
66
1
0
VERTEX
8
Layer 1
10
152.090239
20
64.615537
70
0
0
VERTEX
8
Layer 1
10
152.132572
20
64.868743
70
0
0
SEQEND
8
Layer 1
0
POLYLINE
8
Layer 1
62
7
70
0
10
0.000000
20
0.000000
66
1
0
VERTEX
8
Layer 1
10
152.132572
20
64.868743
70
0
0
VERTEX
8
Layer 1
10
152.145802
20
65.124859
70
0
0
SEQEND
8
Layer 1
0
POLYLINE
8
Layer 1
62
7
70
0
10
0.000000
20
0.000000
66
1
0
VERTEX
8
Layer 1
10
152.145802
20
65.124859
70
0
0
VERTEX
8
Layer 1
10
152.132572
20
65.380975
70
0
0
SEQEND
8
Layer 1
0
POLYLINE
8
Layer 1
62
7
70
0
10
0.000000
20
0.000000
66
1
0
VERTEX
8
Layer 1
10
188.359277
20
10.644838
70
0
0
VERTEX
8
Layer 1
10
158.075107
20
10.644838
70
0
0
SEQEND
8
Layer 1
0
POLYLINE
8
Layer 1
62
7
70
0
10
0.000000
20
0.000000
66
1
0
VERTEX
8
Layer 1
10
158.075107
20
10.644838
70
0
0
VERTEX
8
Layer 1
10
158.075107
20
6.644872
70
0
0
SEQEND
8
Layer 1
0
POLYLINE
8
Layer 1
62
7
70
0
10
0.000000
20
0.000000
66
1
0
VERTEX
8
Layer 1
10
158.075107
20
6.644872
70
0
0
VERTEX
8
Layer 1
10
188.359277
20
6.644872
70
0
0
SEQEND
8
Layer 1
0
POLYLINE
8
Layer 1
62
7
70
0
10
0.000000
20
0.000000
66
1
0
VERTEX
8
Layer 1
10
188.359277
20
6.644872
70
0
0
VERTEX
8
Layer 1
10
188.359277
20
10.644838
70
0
0
SEQEND
8
Layer 1
0
POLYLINE
8
Layer 1
62
7
70
0
10
0.000000
20
0.000000
66
1
0
VERTEX
8
Layer 1
10
169.912550
20
65.380975
70
0
0
VERTEX
8
Layer 1
10
169.870217
20
65.634181
70
0
0
SEQEND
8
Layer 1
0
POLYLINE
8
Layer 1
62
7
70
0
10
0.000000
20
0.000000
66
1
0
VERTEX
8
Layer 1
10
169.870217
20
65.634181
70
0
0
VERTEX
8
Layer 1
10
169.804071
20
65.881831
70
0
0
SEQEND
8
Layer 1
0
POLYLINE
8
Layer 1
62
7
70
0
10
0.000000
20
0.000000
66
1
0
VERTEX
8
Layer 1
10
169.804071
20
65.881831
70
0
0
VERTEX
8
Layer 1
10
169.714113
20
66.121279
70
0
0
SEQEND
8
Layer 1
0
POLYLINE
8
Layer 1
62
7
70
0
10
0.000000
20
0.000000
66
1
0
VERTEX
8
Layer 1
10
169.714113
20
66.121279
70
0
0
VERTEX
8
Layer 1
10
169.597696
20
66.349878
70
0
0
SEQEND
8
Layer 1
0
POLYLINE
8
Layer 1
62
7
70
0
10
0.000000
20
0.000000
66
1
0
VERTEX
8
Layer 1
10
169.597696
20
66.349878
70
0
0
VERTEX
8
Layer 1
10
169.457467
20
66.564984
70
0
0
SEQEND
8
Layer 1
0
POLYLINE
8
Layer 1
62
7
70
0
10
0.000000
20
0.000000
66
1
0
VERTEX
8
Layer 1
10
169.457467
20
66.564984
70
0
0
VERTEX
8
Layer 1
10
169.296072
20
66.764215
70
0
0
SEQEND
8
Layer 1
0
POLYLINE
8
Layer 1
62
7
70
0
10
0.000000
20
0.000000
66
1
0
VERTEX
8
Layer 1
10
169.296072
20
66.764215
70
0
0
VERTEX
8
Layer 1
10
169.113509
20
66.945455
70
0
0
SEQEND
8
Layer 1
0
POLYLINE
8
Layer 1
62
7
70
0
10
0.000000
20
0.000000
66
1
0
VERTEX
8
Layer 1
10
169.113509
20
66.945455
70
0
0
VERTEX
8
Layer 1
10
168.915072
20
67.106850
70
0
0
SEQEND
8
Layer 1
0
POLYLINE
8
Layer 1
62
7
70
0
10
0.000000
20
0.000000
66
1
0
VERTEX
8
Layer 1
10
168.915072
20
67.106850
70
0
0
VERTEX
8
Layer 1
10
168.700760
20
67.246550
70
0
0
SEQEND
8
Layer 1
0
POLYLINE
8
Layer 1
62
7
70
0
10
0.000000
20
0.000000
66
1
0
VERTEX
8
Layer 1
10
168.700760
20
67.246550
70
0
0
VERTEX
8
Layer 1
10
168.470573
20
67.362967
70
0
0
SEQEND
8
Layer 1
0
POLYLINE
8
Layer 1
62
7
70
0
10
0.000000
20
0.000000
66
1
0
VERTEX
8
Layer 1
10
168.470573
20
67.362967
70
0
0
VERTEX
8
Layer 1
10
168.232448
20
67.455041
70
0
0
SEQEND
8
Layer 1
0
POLYLINE
8
Layer 1
62
7
70
0
10
0.000000
20
0.000000
66
1
0
VERTEX
8
Layer 1
10
168.232448
20
67.455041
70
0
0
VERTEX
8
Layer 1
10
167.983740
20
67.521187
70
0
0
SEQEND
8
Layer 1
0
POLYLINE
8
Layer 1
62
7
70
0
10
0.000000
20
0.000000
66
1
0
VERTEX
8
Layer 1
10
167.983740
20
67.521187
70
0
0
VERTEX
8
Layer 1
10
167.729740
20
67.561404
70
0
0
SEQEND
8
Layer 1
0
POLYLINE
8
Layer 1
62
7
70
0
10
0.000000
20
0.000000
66
1
0
VERTEX
8
Layer 1
10
167.729740
20
67.561404
70
0
0
VERTEX
8
Layer 1
10
167.475741
20
67.574898
70
0
0
SEQEND
8
Layer 1
0
POLYLINE
8
Layer 1
62
7
70
0
10
0.000000
20
0.000000
66
1
0
VERTEX
8
Layer 1
10
167.475741
20
67.574898
70
0
0
VERTEX
8
Layer 1
10
167.219095
20
67.561404
70
0
0
SEQEND
8
Layer 1
0
POLYLINE
8
Layer 1
62
7
70
0
10
0.000000
20
0.000000
66
1
0
VERTEX
8
Layer 1
10
167.219095
20
67.561404
70
0
0
VERTEX
8
Layer 1
10
166.965095
20
67.521187
70
0
0
SEQEND
8
Layer 1
0
POLYLINE
8
Layer 1
62
7
70
0
10
0.000000
20
0.000000
66
1
0
VERTEX
8
Layer 1
10
166.965095
20
67.521187
70
0
0
VERTEX
8
Layer 1
10
166.719033
20
67.455041
70
0
0
SEQEND
8
Layer 1
0
POLYLINE
8
Layer 1
62
7
70
0
10
0.000000
20
0.000000
66
1
0
VERTEX
8
Layer 1
10
166.719033
20
67.455041
70
0
0
VERTEX
8
Layer 1
10
166.478263
20
67.362967
70
0
0
SEQEND
8
Layer 1
0
POLYLINE
8
Layer 1
62
7
70
0
10
0.000000
20
0.000000
66
1
0
VERTEX
8
Layer 1
10
166.478263
20
67.362967
70
0
0
VERTEX
8
Layer 1
10
166.250721
20
67.246550
70
0
0
SEQEND
8
Layer 1
0
POLYLINE
8
Layer 1
62
7
70
0
10
0.000000
20
0.000000
66
1
0
VERTEX
8
Layer 1
10
166.250721
20
67.246550
70
0
0
VERTEX
8
Layer 1
10
166.033763
20
67.106850
70
0
0
SEQEND
8
Layer 1
0
POLYLINE
8
Layer 1
62
7
70
0
10
0.000000
20
0.000000
66
1
0
VERTEX
8
Layer 1
10
166.033763
20
67.106850
70
0
0
VERTEX
8
Layer 1
10
165.835326
20
66.945455
70
0
0
SEQEND
8
Layer 1
0
POLYLINE
8
Layer 1
62
7
70
0
10
0.000000
20
0.000000
66
1
0
VERTEX
8
Layer 1
10
165.835326
20
66.945455
70
0
0
VERTEX
8
Layer 1
10
165.652764
20
66.764215
70
0
0
SEQEND
8
Layer 1
0
POLYLINE
8
Layer 1
62
7
70
0
10
0.000000
20
0.000000
66
1
0
VERTEX
8
Layer 1
10
165.652764
20
66.764215
70
0
0
VERTEX
8
Layer 1
10
165.494014
20
66.564984
70
0
0
SEQEND
8
Layer 1
0
POLYLINE
8
Layer 1
62
7
70
0
10
0.000000
20
0.000000
66
1
0
VERTEX
8
Layer 1
10
165.494014
20
66.564984
70
0
0
VERTEX
8
Layer 1
10
165.353785
20
66.349878
70
0
0
SEQEND
8
Layer 1
0
POLYLINE
8
Layer 1
62
7
70
0
10
0.000000
20
0.000000
66
1
0
VERTEX
8
Layer 1
10
165.353785
20
66.349878
70
0
0
VERTEX
8
Layer 1
10
165.237368
20
66.121279
70
0
0
SEQEND
8
Layer 1
0
POLYLINE
8
Layer 1
62
7
70
0
10
0.000000
20
0.000000
66
1
0
VERTEX
8
Layer 1
10
165.237368
20
66.121279
70
0
0
VERTEX
8
Layer 1
10
165.144764
20
65.881831
70
0
0
SEQEND
8
Layer 1
0
POLYLINE
8
Layer 1
62
7
70
0
10
0.000000
20
0.000000
66
1
0
VERTEX
8
Layer 1
10
165.144764
20
65.881831
70
0
0
VERTEX
8
Layer 1
10
165.078619
20
65.634181
70
0
0
SEQEND
8
Layer 1
0
POLYLINE
8
Layer 1
62
7
70
0
10
0.000000
20
0.000000
66
1
0
VERTEX
8
Layer 1
10
165.078619
20
65.634181
70
0
0
VERTEX
8
Layer 1
10
165.038931
20
65.380975
70
0
0
SEQEND
8
Layer 1
0
POLYLINE
8
Layer 1
62
7
70
0
10
0.000000
20
0.000000
66
1
0
VERTEX
8
Layer 1
10
165.038931
20
65.380975
70
0
0
VERTEX
8
Layer 1
10
165.025702
20
65.124859
70
0
0
SEQEND
8
Layer 1
0
POLYLINE
8
Layer 1
62
7
70
0
10
0.000000
20
0.000000
66
1
0
VERTEX
8
Layer 1
10
165.025702
20
65.124859
70
0
0
VERTEX
8
Layer 1
10
165.038931
20
64.868743
70
0
0
SEQEND
8
Layer 1
0
POLYLINE
8
Layer 1
62
7
70
0
10
0.000000
20
0.000000
66
1
0
VERTEX
8
Layer 1
10
165.038931
20
64.868743
70
0
0
VERTEX
8
Layer 1
10
165.078619
20
64.615537
70
0
0
SEQEND
8
Layer 1
0
POLYLINE
8
Layer 1
62
7
70
0
10
0.000000
20
0.000000
66
1
0
VERTEX
8
Layer 1
10
165.078619
20
64.615537
70
0
0
VERTEX
8
Layer 1
10
165.144764
20
64.367622
70
0
0
SEQEND
8
Layer 1
0
POLYLINE
8
Layer 1
62
7
70
0
10
0.000000
20
0.000000
66
1
0
VERTEX
8
Layer 1
10
165.144764
20
64.367622
70
0
0
VERTEX
8
Layer 1
10
165.237368
20
64.128439
70
0
0
SEQEND
8
Layer 1
0
POLYLINE
8
Layer 1
62
7
70
0
10
0.000000
20
0.000000
66
1
0
VERTEX
8
Layer 1
10
165.237368
20
64.128439
70
0
0
VERTEX
8
Layer 1
10
165.353785
20
63.899840
70
0
0
SEQEND
8
Layer 1
0
POLYLINE
8
Layer 1
62
7
70
0
10
0.000000
20
0.000000
66
1
0
VERTEX
8
Layer 1
10
165.353785
20
63.899840
70
0
0
VERTEX
8
Layer 1
10
165.494014
20
63.684734
70
0
0
SEQEND
8
Layer 1
0
POLYLINE
8
Layer 1
62
7
70
0
10
0.000000
20
0.000000
66
1
0
VERTEX
8
Layer 1
10
165.494014
20
63.684734
70
0
0
VERTEX
8
Layer 1
10
165.652764
20
63.485503
70
0
0
SEQEND
8
Layer 1
0
POLYLINE
8
Layer 1
62
7
70
0
10
0.000000
20
0.000000
66
1
0
VERTEX
8
Layer 1
10
165.652764
20
63.485503
70
0
0
VERTEX
8
Layer 1
10
165.835326
20
63.303999
70
0
0
SEQEND
8
Layer 1
0
POLYLINE
8
Layer 1
62
7
70
0
10
0.000000
20
0.000000
66
1
0
VERTEX
8
Layer 1
10
165.835326
20
63.303999
70
0
0
VERTEX
8
Layer 1
10
166.033763
20
63.142603
70
0
0
SEQEND
8
Layer 1
0
POLYLINE
8
Layer 1
62
7
70
0
10
0.000000
20
0.000000
66
1
0
VERTEX
8
Layer 1
10
166.033763
20
63.142603
70
0
0
VERTEX
8
Layer 1
10
166.250721
20
63.002903
70
0
0
SEQEND
8
Layer 1
0
POLYLINE
8
Layer 1
62
7
70
0
10
0.000000
20
0.000000
66
1
0
VERTEX
8
Layer 1
10
166.250721
20
63.002903
70
0
0
VERTEX
8
Layer 1
10
166.478263
20
62.886751
70
0
0
SEQEND
8
Layer 1
0
POLYLINE
8
Layer 1
62
7
70
0
10
0.000000
20
0.000000
66
1
0
VERTEX
8
Layer 1
10
166.478263
20
62.886751
70
0
0
VERTEX
8
Layer 1
10
166.719033
20
62.794676
70
0
0
SEQEND
8
Layer 1
0
POLYLINE
8
Layer 1
62
7
70
0
10
0.000000
20
0.000000
66
1
0
VERTEX
8
Layer 1
10
166.719033
20
62.794676
70
0
0
VERTEX
8
Layer 1
10
166.965095
20
62.728266
70
0
0
SEQEND
8
Layer 1
0
POLYLINE
8
Layer 1
62
7
70
0
10
0.000000
20
0.000000
66
1
0
VERTEX
8
Layer 1
10
166.965095
20
62.728266
70
0
0
VERTEX
8
Layer 1
10
167.219095
20
62.688314
70
0
0
SEQEND
8
Layer 1
0
POLYLINE
8
Layer 1
62
7
70
0
10
0.000000
20
0.000000
66
1
0
VERTEX
8
Layer 1
10
167.219095
20
62.688314
70
0
0
VERTEX
8
Layer 1
10
167.475741
20
62.674820
70
0
0
SEQEND
8
Layer 1
0
POLYLINE
8
Layer 1
62
7
70
0
10
0.000000
20
0.000000
66
1
0
VERTEX
8
Layer 1
10
167.475741
20
62.674820
70
0
0
VERTEX
8
Layer 1
10
167.729740
20
62.688314
70
0
0
SEQEND
8
Layer 1
0
POLYLINE
8
Layer 1
62
7
70
0
10
0.000000
20
0.000000
66
1
0
VERTEX
8
Layer 1
10
167.729740
20
62.688314
70
0
0
VERTEX
8
Layer 1
10
167.983740
20
62.728266
70
0
0
SEQEND
8
Layer 1
0
POLYLINE
8
Layer 1
62
7
70
0
10
0.000000
20
0.000000
66
1
0
VERTEX
8
Layer 1
10
167.983740
20
62.728266
70
0
0
VERTEX
8
Layer 1
10
168.232448
20
62.794676
70
0
0
SEQEND
8
Layer 1
0
POLYLINE
8
Layer 1
62
7
70
0
10
0.000000
20
0.000000
66
1
0
VERTEX
8
Layer 1
10
168.232448
20
62.794676
70
0
0
VERTEX
8
Layer 1
10
168.470573
20
62.886751
70
0
0
SEQEND
8
Layer 1
0
POLYLINE
8
Layer 1
62
7
70
0
10
0.000000
20
0.000000
66
1
0
VERTEX
8
Layer 1
10
168.470573
20
62.886751
70
0
0
VERTEX
8
Layer 1
10
168.700760
20
63.002903
70
0
0
SEQEND
8
Layer 1
0
POLYLINE
8
Layer 1
62
7
70
0
10
0.000000
20
0.000000
66
1
0
VERTEX
8
Layer 1
10
168.700760
20
63.002903
70
0
0
VERTEX
8
Layer 1
10
168.915072
20
63.142603
70
0
0
SEQEND
8
Layer 1
0
POLYLINE
8
Layer 1
62
7
70
0
10
0.000000
20
0.000000
66
1
0
VERTEX
8
Layer 1
10
168.915072
20
63.142603
70
0
0
VERTEX
8
Layer 1
10
169.113509
20
63.303999
70
0
0
SEQEND
8
Layer 1
0
POLYLINE
8
Layer 1
62
7
70
0
10
0.000000
20
0.000000
66
1
0
VERTEX
8
Layer 1
10
169.113509
20
63.303999
70
0
0
VERTEX
8
Layer 1
10
169.296072
20
63.485503
70
0
0
SEQEND
8
Layer 1
0
POLYLINE
8
Layer 1
62
7
70
0
10
0.000000
20
0.000000
66
1
0
VERTEX
8
Layer 1
10
169.296072
20
63.485503
70
0
0
VERTEX
8
Layer 1
10
169.457467
20
63.684734
70
0
0
SEQEND
8
Layer 1
0
POLYLINE
8
Layer 1
62
7
70
0
10
0.000000
20
0.000000
66
1
0
VERTEX
8
Layer 1
10
169.457467
20
63.684734
70
0
0
VERTEX
8
Layer 1
10
169.597696
20
63.899840
70
0
0
SEQEND
8
Layer 1
0
POLYLINE
8
Layer 1
62
7
70
0
10
0.000000
20
0.000000
66
1
0
VERTEX
8
Layer 1
10
169.597696
20
63.899840
70
0
0
VERTEX
8
Layer 1
10
169.714113
20
64.128439
70
0
0
SEQEND
8
Layer 1
0
POLYLINE
8
Layer 1
62
7
70
0
10
0.000000
20
0.000000
66
1
0
VERTEX
8
Layer 1
10
169.714113
20
64.128439
70
0
0
VERTEX
8
Layer 1
10
169.804071
20
64.367622
70
0
0
SEQEND
8
Layer 1
0
POLYLINE
8
Layer 1
62
7
70
0
10
0.000000
20
0.000000
66
1
0
VERTEX
8
Layer 1
10
169.804071
20
64.367622
70
0
0
VERTEX
8
Layer 1
10
169.870217
20
64.615537
70
0
0
SEQEND
8
Layer 1
0
POLYLINE
8
Layer 1
62
7
70
0
10
0.000000
20
0.000000
66
1
0
VERTEX
8
Layer 1
10
169.870217
20
64.615537
70
0
0
VERTEX
8
Layer 1
10
169.912550
20
64.868743
70
0
0
SEQEND
8
Layer 1
0
POLYLINE
8
Layer 1
62
7
70
0
10
0.000000
20
0.000000
66
1
0
VERTEX
8
Layer 1
10
169.912550
20
64.868743
70
0
0
VERTEX
8
Layer 1
10
169.925779
20
65.124859
70
0
0
SEQEND
8
Layer 1
0
POLYLINE
8
Layer 1
62
7
70
0
10
0.000000
20
0.000000
66
1
0
VERTEX
8
Layer 1
10
169.925779
20
65.124859
70
0
0
VERTEX
8
Layer 1
10
169.912550
20
65.380975
70
0
0
SEQEND
8
Layer 1
0
POLYLINE
8
Layer 1
62
7
70
0
10
0.000000
20
0.000000
66
1
0
VERTEX
8
Layer 1
10
187.692528
20
65.380975
70
0
0
VERTEX
8
Layer 1
10
187.650194
20
65.634181
70
0
0
SEQEND
8
Layer 1
0
POLYLINE
8
Layer 1
62
7
70
0
10
0.000000
20
0.000000
66
1
0
VERTEX
8
Layer 1
10
187.650194
20
65.634181
70
0
0
VERTEX
8
Layer 1
10
187.584049
20
65.881831
70
0
0
SEQEND
8
Layer 1
0
POLYLINE
8
Layer 1
62
7
70
0
10
0.000000
20
0.000000
66
1
0
VERTEX
8
Layer 1
10
187.584049
20
65.881831
70
0
0
VERTEX
8
Layer 1
10
187.494090
20
66.121279
70
0
0
SEQEND
8
Layer 1
0
POLYLINE
8
Layer 1
62
7
70
0
10
0.000000
20
0.000000
66
1
0
VERTEX
8
Layer 1
10
187.494090
20
66.121279
70
0
0
VERTEX
8
Layer 1
10
187.377674
20
66.349878
70
0
0
SEQEND
8
Layer 1
0
POLYLINE
8
Layer 1
62
7
70
0
10
0.000000
20
0.000000
66
1
0
VERTEX
8
Layer 1
10
187.377674
20
66.349878
70
0
0
VERTEX
8
Layer 1
10
187.237445
20
66.564984
70
0
0
SEQEND
8
Layer 1
0
POLYLINE
8
Layer 1
62
7
70
0
10
0.000000
20
0.000000
66
1
0
VERTEX
8
Layer 1
10
187.237445
20
66.564984
70
0
0
VERTEX
8
Layer 1
10
187.076049
20
66.764215
70
0
0
SEQEND
8
Layer 1
0
POLYLINE
8
Layer 1
62
7
70
0
10
0.000000
20
0.000000
66
1
0
VERTEX
8
Layer 1
10
187.076049
20
66.764215
70
0
0
VERTEX
8
Layer 1
10
186.893487
20
66.945455
70
0
0
SEQEND
8
Layer 1
0
POLYLINE
8
Layer 1
62
7
70
0
10
0.000000
20
0.000000
66
1
0
VERTEX
8
Layer 1
10
186.893487
20
66.945455
70
0
0
VERTEX
8
Layer 1
10
186.695050
20
67.106850
70
0
0
SEQEND
8
Layer 1
0
POLYLINE
8
Layer 1
62
7
70
0
10
0.000000
20
0.000000
66
1
0
VERTEX
8
Layer 1
10
186.695050
20
67.106850
70
0
0
VERTEX
8
Layer 1
10
186.480738
20
67.246550
70
0
0
SEQEND
8
Layer 1
0
POLYLINE
8
Layer 1
62
7
70
0
10
0.000000
20
0.000000
66
1
0
VERTEX
8
Layer 1
10
186.480738
20
67.246550
70
0
0
VERTEX
8
Layer 1
10
186.253196
20
67.362967
70
0
0
SEQEND
8
Layer 1
0
POLYLINE
8
Layer 1
62
7
70
0
10
0.000000
20
0.000000
66
1
0
VERTEX
8
Layer 1
10
186.253196
20
67.362967
70
0
0
VERTEX
8
Layer 1
10
186.012426
20
67.455041
70
0
0
SEQEND
8
Layer 1
0
POLYLINE
8
Layer 1
62
7
70
0
10
0.000000
20
0.000000
66
1
0
VERTEX
8
Layer 1
10
186.012426
20
67.455041
70
0
0
VERTEX
8
Layer 1
10
185.763718
20
67.521187
70
0
0
SEQEND
8
Layer 1
0
POLYLINE
8
Layer 1
62
7
70
0
10
0.000000
20
0.000000
66
1
0
VERTEX
8
Layer 1
10
185.763718
20
67.521187
70
0
0
VERTEX
8
Layer 1
10
185.509718
20
67.561404
70
0
0
SEQEND
8
Layer 1
0
POLYLINE
8
Layer 1
62
7
70
0
10
0.000000
20
0.000000
66
1
0
VERTEX
8
Layer 1
10
185.509718
20
67.561404
70
0
0
VERTEX
8
Layer 1
10
185.255718
20
67.574898
70
0
0
SEQEND
8
Layer 1
0
POLYLINE
8
Layer 1
62
7
70
0
10
0.000000
20
0.000000
66
1
0
VERTEX
8
Layer 1
10
185.255718
20
67.574898
70
0
0
VERTEX
8
Layer 1
10
184.999073
20
67.561404
70
0
0
SEQEND
8
Layer 1
0
POLYLINE
8
Layer 1
62
7
70
0
10
0.000000
20
0.000000
66
1
0
VERTEX
8
Layer 1
10
184.999073
20
67.561404
70
0
0
VERTEX
8
Layer 1
10
184.745073
20
67.521187
70
0
0
SEQEND
8
Layer 1
0
POLYLINE
8
Layer 1
62
7
70
0
10
0.000000
20
0.000000
66
1
0
VERTEX
8
Layer 1
10
184.745073
20
67.521187
70
0
0
VERTEX
8
Layer 1
10
184.499011
20
67.455041
70
0
0
SEQEND
8
Layer 1
0
POLYLINE
8
Layer 1
62
7
70
0
10
0.000000
20
0.000000
66
1
0
VERTEX
8
Layer 1
10
184.499011
20
67.455041
70
0
0
VERTEX
8
Layer 1
10
184.258240
20
67.362967
70
0
0
SEQEND
8
Layer 1
0
POLYLINE
8
Layer 1
62
7
70
0
10
0.000000
20
0.000000
66
1
0
VERTEX
8
Layer 1
10
184.258240
20
67.362967
70
0
0
VERTEX
8
Layer 1
10
184.030699
20
67.246550
70
0
0
SEQEND
8
Layer 1
0
POLYLINE
8
Layer 1
62
7
70
0
10
0.000000
20
0.000000
66
1
0
VERTEX
8
Layer 1
10
184.030699
20
67.246550
70
0
0
VERTEX
8
Layer 1
10
183.813741
20
67.106850
70
0
0
SEQEND
8
Layer 1
0
POLYLINE
8
Layer 1
62
7
70
0
10
0.000000
20
0.000000
66
1
0
VERTEX
8
Layer 1
10
183.813741
20
67.106850
70
0
0
VERTEX
8
Layer 1
10
183.615304
20
66.945455
70
0
0
SEQEND
8
Layer 1
0
POLYLINE
8
Layer 1
62
7
70
0
10
0.000000
20
0.000000
66
1
0
VERTEX
8
Layer 1
10
183.615304
20
66.945455
70
0
0
VERTEX
8
Layer 1
10
183.432741
20
66.764215
70
0
0
SEQEND
8
Layer 1
0
POLYLINE
8
Layer 1
62
7
70
0
10
0.000000
20
0.000000
66
1
0
VERTEX
8
Layer 1
10
183.432741
20
66.764215
70
0
0
VERTEX
8
Layer 1
10
183.273992
20
66.564984
70
0
0
SEQEND
8
Layer 1
0
POLYLINE
8
Layer 1
62
7
70
0
10
0.000000
20
0.000000
66
1
0
VERTEX
8
Layer 1
10
183.273992
20
66.564984
70
0
0
VERTEX
8
Layer 1
10
183.133763
20
66.349878
70
0
0
SEQEND
8
Layer 1
0
POLYLINE
8
Layer 1
62
7
70
0
10
0.000000
20
0.000000
66
1
0
VERTEX
8
Layer 1
10
183.133763
20
66.349878
70
0
0
VERTEX
8
Layer 1
10
183.017346
20
66.121279
70
0
0
SEQEND
8
Layer 1
0
POLYLINE
8
Layer 1
62
7
70
0
10
0.000000
20
0.000000
66
1
0
VERTEX
8
Layer 1
10
183.017346
20
66.121279
70
0
0
VERTEX
8
Layer 1
10
182.924742
20
65.881831
70
0
0
SEQEND
8
Layer 1
0
POLYLINE
8
Layer 1
62
7
70
0
10
0.000000
20
0.000000
66
1
0
VERTEX
8
Layer 1
10
182.924742
20
65.881831
70
0
0
VERTEX
8
Layer 1
10
182.858596
20
65.634181
70
0
0
SEQEND
8
Layer 1
0
POLYLINE
8
Layer 1
62
7
70
0
10
0.000000
20
0.000000
66
1
0
VERTEX
8
Layer 1
10
182.858596
20
65.634181
70
0
0
VERTEX
8
Layer 1
10
182.818909
20
65.380975
70
0
0
SEQEND
8
Layer 1
0
POLYLINE
8
Layer 1
62
7
70
0
10
0.000000
20
0.000000
66
1
0
VERTEX
8
Layer 1
10
182.818909
20
65.380975
70
0
0
VERTEX
8
Layer 1
10
182.805680
20
65.124859
70
0
0
SEQEND
8
Layer 1
0
POLYLINE
8
Layer 1
62
7
70
0
10
0.000000
20
0.000000
66
1
0
VERTEX
8
Layer 1
10
182.805680
20
65.124859
70
0
0
VERTEX
8
Layer 1
10
182.818909
20
64.868743
70
0
0
SEQEND
8
Layer 1
0
POLYLINE
8
Layer 1
62
7
70
0
10
0.000000
20
0.000000
66
1
0
VERTEX
8
Layer 1
10
182.818909
20
64.868743
70
0
0
VERTEX
8
Layer 1
10
182.858596
20
64.615537
70
0
0
SEQEND
8
Layer 1
0
POLYLINE
8
Layer 1
62
7
70
0
10
0.000000
20
0.000000
66
1
0
VERTEX
8
Layer 1
10
182.858596
20
64.615537
70
0
0
VERTEX
8
Layer 1
10
182.924742
20
64.367622
70
0
0
SEQEND
8
Layer 1
0
POLYLINE
8
Layer 1
62
7
70
0
10
0.000000
20
0.000000
66
1
0
VERTEX
8
Layer 1
10
182.924742
20
64.367622
70
0
0
VERTEX
8
Layer 1
10
183.017346
20
64.128439
70
0
0
SEQEND
8
Layer 1
0
POLYLINE
8
Layer 1
62
7
70
0
10
0.000000
20
0.000000
66
1
0
VERTEX
8
Layer 1
10
183.017346
20
64.128439
70
0
0
VERTEX
8
Layer 1
10
183.133763
20
63.899840
70
0
0
SEQEND
8
Layer 1
0
POLYLINE
8
Layer 1
62
7
70
0
10
0.000000
20
0.000000
66
1
0
VERTEX
8
Layer 1
10
183.133763
20
63.899840
70
0
0
VERTEX
8
Layer 1
10
183.273992
20
63.684734
70
0
0
SEQEND
8
Layer 1
0
POLYLINE
8
Layer 1
62
7
70
0
10
0.000000
20
0.000000
66
1
0
VERTEX
8
Layer 1
10
183.273992
20
63.684734
70
0
0
VERTEX
8
Layer 1
10
183.432741
20
63.485503
70
0
0
SEQEND
8
Layer 1
0
POLYLINE
8
Layer 1
62
7
70
0
10
0.000000
20
0.000000
66
1
0
VERTEX
8
Layer 1
10
183.432741
20
63.485503
70
0
0
VERTEX
8
Layer 1
10
183.615304
20
63.303999
70
0
0
SEQEND
8
Layer 1
0
POLYLINE
8
Layer 1
62
7
70
0
10
0.000000
20
0.000000
66
1
0
VERTEX
8
Layer 1
10
183.615304
20
63.303999
70
0
0
VERTEX
8
Layer 1
10
183.813741
20
63.142603
70
0
0
SEQEND
8
Layer 1
0
POLYLINE
8
Layer 1
62
7
70
0
10
0.000000
20
0.000000
66
1
0
VERTEX
8
Layer 1
10
183.813741
20
63.142603
70
0
0
VERTEX
8
Layer 1
10
184.030699
20
63.002903
70
0
0
SEQEND
8
Layer 1
0
POLYLINE
8
Layer 1
62
7
70
0
10
0.000000
20
0.000000
66
1
0
VERTEX
8
Layer 1
10
184.030699
20
63.002903
70
0
0
VERTEX
8
Layer 1
10
184.258240
20
62.886751
70
0
0
SEQEND
8
Layer 1
0
POLYLINE
8
Layer 1
62
7
70
0
10
0.000000
20
0.000000
66
1
0
VERTEX
8
Layer 1
10
184.258240
20
62.886751
70
0
0
VERTEX
8
Layer 1
10
184.499011
20
62.794676
70
0
0
SEQEND
8
Layer 1
0
POLYLINE
8
Layer 1
62
7
70
0
10
0.000000
20
0.000000
66
1
0
VERTEX
8
Layer 1
10
184.499011
20
62.794676
70
0
0
VERTEX
8
Layer 1
10
184.745073
20
62.728266
70
0
0
SEQEND
8
Layer 1
0
POLYLINE
8
Layer 1
62
7
70
0
10
0.000000
20
0.000000
66
1
0
VERTEX
8
Layer 1
10
184.745073
20
62.728266
70
0
0
VERTEX
8
Layer 1
10
184.999073
20
62.688314
70
0
0
SEQEND
8
Layer 1
0
POLYLINE
8
Layer 1
62
7
70
0
10
0.000000
20
0.000000
66
1
0
VERTEX
8
Layer 1
10
184.999073
20
62.688314
70
0
0
VERTEX
8
Layer 1
10
185.255718
20
62.674820
70
0
0
SEQEND
8
Layer 1
0
POLYLINE
8
Layer 1
62
7
70
0
10
0.000000
20
0.000000
66
1
0
VERTEX
8
Layer 1
10
185.255718
20
62.674820
70
0
0
VERTEX
8
Layer 1
10
185.509718
20
62.688314
70
0
0
SEQEND
8
Layer 1
0
POLYLINE
8
Layer 1
62
7
70
0
10
0.000000
20
0.000000
66
1
0
VERTEX
8
Layer 1
10
185.509718
20
62.688314
70
0
0
VERTEX
8
Layer 1
10
185.763718
20
62.728266
70
0
0
SEQEND
8
Layer 1
0
POLYLINE
8
Layer 1
62
7
70
0
10
0.000000
20
0.000000
66
1
0
VERTEX
8
Layer 1
10
185.763718
20
62.728266
70
0
0
VERTEX
8
Layer 1
10
186.012426
20
62.794676
70
0
0
SEQEND
8
Layer 1
0
POLYLINE
8
Layer 1
62
7
70
0
10
0.000000
20
0.000000
66
1
0
VERTEX
8
Layer 1
10
186.012426
20
62.794676
70
0
0
VERTEX
8
Layer 1
10
186.253196
20
62.886751
70
0
0
SEQEND
8
Layer 1
0
POLYLINE
8
Layer 1
62
7
70
0
10
0.000000
20
0.000000
66
1
0
VERTEX
8
Layer 1
10
186.253196
20
62.886751
70
0
0
VERTEX
8
Layer 1
10
186.480738
20
63.002903
70
0
0
SEQEND
8
Layer 1
0
POLYLINE
8
Layer 1
62
7
70
0
10
0.000000
20
0.000000
66
1
0
VERTEX
8
Layer 1
10
186.480738
20
63.002903
70
0
0
VERTEX
8
Layer 1
10
186.695050
20
63.142603
70
0
0
SEQEND
8
Layer 1
0
POLYLINE
8
Layer 1
62
7
70
0
10
0.000000
20
0.000000
66
1
0
VERTEX
8
Layer 1
10
186.695050
20
63.142603
70
0
0
VERTEX
8
Layer 1
10
186.893487
20
63.303999
70
0
0
SEQEND
8
Layer 1
0
POLYLINE
8
Layer 1
62
7
70
0
10
0.000000
20
0.000000
66
1
0
VERTEX
8
Layer 1
10
186.893487
20
63.303999
70
0
0
VERTEX
8
Layer 1
10
187.076049
20
63.485503
70
0
0
SEQEND
8
Layer 1
0
POLYLINE
8
Layer 1
62
7
70
0
10
0.000000
20
0.000000
66
1
0
VERTEX
8
Layer 1
10
187.076049
20
63.485503
70
0
0
VERTEX
8
Layer 1
10
187.237445
20
63.684734
70
0
0
SEQEND
8
Layer 1
0
POLYLINE
8
Layer 1
62
7
70
0
10
0.000000
20
0.000000
66
1
0
VERTEX
8
Layer 1
10
187.237445
20
63.684734
70
0
0
VERTEX
8
Layer 1
10
187.377674
20
63.899840
70
0
0
SEQEND
8
Layer 1
0
POLYLINE
8
Layer 1
62
7
70
0
10
0.000000
20
0.000000
66
1
0
VERTEX
8
Layer 1
10
187.377674
20
63.899840
70
0
0
VERTEX
8
Layer 1
10
187.494090
20
64.128439
70
0
0
SEQEND
8
Layer 1
0
POLYLINE
8
Layer 1
62
7
70
0
10
0.000000
20
0.000000
66
1
0
VERTEX
8
Layer 1
10
187.494090
20
64.128439
70
0
0
VERTEX
8
Layer 1
10
187.584049
20
64.367622
70
0
0
SEQEND
8
Layer 1
0
POLYLINE
8
Layer 1
62
7
70
0
10
0.000000
20
0.000000
66
1
0
VERTEX
8
Layer 1
10
187.584049
20
64.367622
70
0
0
VERTEX
8
Layer 1
10
187.650194
20
64.615537
70
0
0
SEQEND
8
Layer 1
0
POLYLINE
8
Layer 1
62
7
70
0
10
0.000000
20
0.000000
66
1
0
VERTEX
8
Layer 1
10
187.650194
20
64.615537
70
0
0
VERTEX
8
Layer 1
10
187.692528
20
64.868743
70
0
0
SEQEND
8
Layer 1
0
POLYLINE
8
Layer 1
62
7
70
0
10
0.000000
20
0.000000
66
1
0
VERTEX
8
Layer 1
10
187.692528
20
64.868743
70
0
0
VERTEX
8
Layer 1
10
187.705757
20
65.124859
70
0
0
SEQEND
8
Layer 1
0
POLYLINE
8
Layer 1
62
7
70
0
10
0.000000
20
0.000000
66
1
0
VERTEX
8
Layer 1
10
187.705757
20
65.124859
70
0
0
VERTEX
8
Layer 1
10
187.692528
20
65.380975
70
0
0
SEQEND
8
Layer 1
0
POLYLINE
8
Layer 1
62
7
70
0
10
0.000000
20
0.000000
66
1
0
VERTEX
8
Layer 1
10
79.908791
20
466.994412
70
0
0
VERTEX
8
Layer 1
10
92.075375
20
466.994412
70
0
0
SEQEND
8
Layer 1
0
POLYLINE
8
Layer 1
62
7
70
0
10
0.000000
20
0.000000
66
1
0
VERTEX
8
Layer 1
10
92.075375
20
466.994412
70
0
0
VERTEX
8
Layer 1
10
92.075375
20
470.992261
70
0
0
SEQEND
8
Layer 1
0
POLYLINE
8
Layer 1
62
7
70
0
10
0.000000
20
0.000000
66
1
0
VERTEX
8
Layer 1
10
92.075375
20
470.992261
70
0
0
VERTEX
8
Layer 1
10
104.242119
20
470.992261
70
0
0
SEQEND
8
Layer 1
0
POLYLINE
8
Layer 1
62
7
70
0
10
0.000000
20
0.000000
66
1
0
VERTEX
8
Layer 1
10
104.242119
20
470.992261
70
0
0
VERTEX
8
Layer 1
10
104.242119
20
466.994412
70
0
0
SEQEND
8
Layer 1
0
POLYLINE
8
Layer 1
62
7
70
0
10
0.000000
20
0.000000
66
1
0
VERTEX
8
Layer 1
10
104.242119
20
466.994412
70
0
0
VERTEX
8
Layer 1
10
116.408703
20
466.994412
70
0
0
SEQEND
8
Layer 1
0
POLYLINE
8
Layer 1
62
7
70
0
10
0.000000
20
0.000000
66
1
0
VERTEX
8
Layer 1
10
116.408703
20
466.994412
70
0
0
VERTEX
8
Layer 1
10
116.408703
20
470.992261
70
0
0
SEQEND
8
Layer 1
0
POLYLINE
8
Layer 1
62
7
70
0
10
0.000000
20
0.000000
66
1
0
VERTEX
8
Layer 1
10
116.408703
20
470.992261
70
0
0
VERTEX
8
Layer 1
10
128.575288
20
470.992261
70
0
0
SEQEND
8
Layer 1
0
POLYLINE
8
Layer 1
62
7
70
0
10
0.000000
20
0.000000
66
1
0
VERTEX
8
Layer 1
10
128.575288
20
470.992261
70
0
0
VERTEX
8
Layer 1
10
128.575288
20
466.994412
70
0
0
SEQEND
8
Layer 1
0
POLYLINE
8
Layer 1
62
7
70
0
10
0.000000
20
0.000000
66
1
0
VERTEX
8
Layer 1
10
128.575288
20
466.994412
70
0
0
VERTEX
8
Layer 1
10
140.742137
20
466.994412
70
0
0
SEQEND
8
Layer 1
0
POLYLINE
8
Layer 1
62
7
70
0
10
0.000000
20
0.000000
66
1
0
VERTEX
8
Layer 1
10
140.742137
20
466.994412
70
0
0
VERTEX
8
Layer 1
10
140.742137
20
470.992261
70
0
0
SEQEND
8
Layer 1
0
POLYLINE
8
Layer 1
62
7
70
0
10
0.000000
20
0.000000
66
1
0
VERTEX
8
Layer 1
10
140.742137
20
470.992261
70
0
0
VERTEX
8
Layer 1
10
152.908722
20
470.992261
70
0
0
SEQEND
8
Layer 1
0
POLYLINE
8
Layer 1
62
7
70
0
10
0.000000
20
0.000000
66
1
0
VERTEX
8
Layer 1
10
152.908722
20
470.992261
70
0
0
VERTEX
8
Layer 1
10
152.908722
20
466.994412
70
0
0
SEQEND
8
Layer 1
0
POLYLINE
8
Layer 1
62
7
70
0
10
0.000000
20
0.000000
66
1
0
VERTEX
8
Layer 1
10
152.908722
20
466.994412
70
0
0
VERTEX
8
Layer 1
10
165.075307
20
466.994412
70
0
0
SEQEND
8
Layer 1
0
POLYLINE
8
Layer 1
62
7
70
0
10
0.000000
20
0.000000
66
1
0
VERTEX
8
Layer 1
10
165.075307
20
466.994412
70
0
0
VERTEX
8
Layer 1
10
165.075307
20
470.992261
70
0
0
SEQEND
8
Layer 1
0
POLYLINE
8
Layer 1
62
7
70
0
10
0.000000
20
0.000000
66
1
0
VERTEX
8
Layer 1
10
165.075307
20
470.992261
70
0
0
VERTEX
8
Layer 1
10
177.241891
20
470.992261
70
0
0
SEQEND
8
Layer 1
0
POLYLINE
8
Layer 1
62
7
70
0
10
0.000000
20
0.000000
66
1
0
VERTEX
8
Layer 1
10
177.241891
20
470.992261
70
0
0
VERTEX
8
Layer 1
10
177.241891
20
466.994412
70
0
0
SEQEND
8
Layer 1
0
POLYLINE
8
Layer 1
62
7
70
0
10
0.000000
20
0.000000
66
1
0
VERTEX
8
Layer 1
10
177.241891
20
466.994412
70
0
0
VERTEX
8
Layer 1
10
189.409005
20
466.994412
70
0
0
SEQEND
8
Layer 1
0
POLYLINE
8
Layer 1
62
7
70
0
10
0.000000
20
0.000000
66
1
0
VERTEX
8
Layer 1
10
189.409005
20
466.994412
70
0
0
VERTEX
8
Layer 1
10
189.409005
20
470.992261
70
0
0
SEQEND
8
Layer 1
0
POLYLINE
8
Layer 1
62
7
70
0
10
0.000000
20
0.000000
66
1
0
VERTEX
8
Layer 1
10
189.409005
20
470.992261
70
0
0
VERTEX
8
Layer 1
10
201.575061
20
470.992261
70
0
0
SEQEND
8
Layer 1
0
POLYLINE
8
Layer 1
62
7
70
0
10
0.000000
20
0.000000
66
1
0
VERTEX
8
Layer 1
10
201.575061
20
470.992261
70
0
0
VERTEX
8
Layer 1
10
201.575061
20
466.994412
70
0
0
SEQEND
8
Layer 1
0
POLYLINE
8
Layer 1
62
7
70
0
10
0.000000
20
0.000000
66
1
0
VERTEX
8
Layer 1
10
201.575061
20
466.994412
70
0
0
VERTEX
8
Layer 1
10
213.741910
20
466.994412
70
0
0
SEQEND
8
Layer 1
0
POLYLINE
8
Layer 1
62
7
70
0
10
0.000000
20
0.000000
66
1
0
VERTEX
8
Layer 1
10
213.741910
20
466.994412
70
0
0
VERTEX
8
Layer 1
10
213.741910
20
394.993440
70
0
0
SEQEND
8
Layer 1
0
POLYLINE
8
Layer 1
62
7
70
0
10
0.000000
20
0.000000
66
1
0
VERTEX
8
Layer 1
10
213.741910
20
394.993440
70
0
0
VERTEX
8
Layer 1
10
201.575061
20
394.993440
70
0
0
SEQEND
8
Layer 1
0
POLYLINE
8
Layer 1
62
7
70
0
10
0.000000
20
0.000000
66
1
0
VERTEX
8
Layer 1
10
201.575061
20
394.993440
70
0
0
VERTEX
8
Layer 1
10
201.575061
20
390.992945
70
0
0
SEQEND
8
Layer 1
0
POLYLINE
8
Layer 1
62
7
70
0
10
0.000000
20
0.000000
66
1
0
VERTEX
8
Layer 1
10
201.575061
20
390.992945
70
0
0
VERTEX
8
Layer 1
10
189.409005
20
390.992945
70
0
0
SEQEND
8
Layer 1
0
POLYLINE
8
Layer 1
62
7
70
0
10
0.000000
20
0.000000
66
1
0
VERTEX
8
Layer 1
10
189.409005
20
390.992945
70
0
0
VERTEX
8
Layer 1
10
189.409005
20
394.993440
70
0
0
SEQEND
8
Layer 1
0
POLYLINE
8
Layer 1
62
7
70
0
10
0.000000
20
0.000000
66
1
0
VERTEX
8
Layer 1
10
189.409005
20
394.993440
70
0
0
VERTEX
8
Layer 1
10
177.241891
20
394.993440
70
0
0
SEQEND
8
Layer 1
0
POLYLINE
8
Layer 1
62
7
70
0
10
0.000000
20
0.000000
66
1
0
VERTEX
8
Layer 1
10
177.241891
20
394.993440
70
0
0
VERTEX
8
Layer 1
10
177.241891
20
390.992945
70
0
0
SEQEND
8
Layer 1
0
POLYLINE
8
Layer 1
62
7
70
0
10
0.000000
20
0.000000
66
1
0
VERTEX
8
Layer 1
10
177.241891
20
390.992945
70
0
0
VERTEX
8
Layer 1
10
165.075307
20
390.992945
70
0
0
SEQEND
8
Layer 1
0
POLYLINE
8
Layer 1
62
7
70
0
10
0.000000
20
0.000000
66
1
0
VERTEX
8
Layer 1
10
165.075307
20
390.992945
70
0
0
VERTEX
8
Layer 1
10
165.075307
20
394.993440
70
0
0
SEQEND
8
Layer 1
0
POLYLINE
8
Layer 1
62
7
70
0
10
0.000000
20
0.000000
66
1
0
VERTEX
8
Layer 1
10
165.075307
20
394.993440
70
0
0
VERTEX
8
Layer 1
10
152.908722
20
394.993440
70
0
0
SEQEND
8
Layer 1
0
POLYLINE
8
Layer 1
62
7
70
0
10
0.000000
20
0.000000
66
1
0
VERTEX
8
Layer 1
10
152.908722
20
394.993440
70
0
0
VERTEX
8
Layer 1
10
152.908722
20
390.992945
70
0
0
SEQEND
8
Layer 1
0
POLYLINE
8
Layer 1
62
7
70
0
10
0.000000
20
0.000000
66
1
0
VERTEX
8
Layer 1
10
152.908722
20
390.992945
70
0
0
VERTEX
8
Layer 1
10
140.742137
20
390.992945
70
0
0
SEQEND
8
Layer 1
0
POLYLINE
8
Layer 1
62
7
70
0
10
0.000000
20
0.000000
66
1
0
VERTEX
8
Layer 1
10
140.742137
20
390.992945
70
0
0
VERTEX
8
Layer 1
10
140.742137
20
394.993440
70
0
0
SEQEND
8
Layer 1
0
POLYLINE
8
Layer 1
62
7
70
0
10
0.000000
20
0.000000
66
1
0
VERTEX
8
Layer 1
10
140.742137
20
394.993440
70
0
0
VERTEX
8
Layer 1
10
128.575288
20
394.993440
70
0
0
SEQEND
8
Layer 1
0
POLYLINE
8
Layer 1
62
7
70
0
10
0.000000
20
0.000000
66
1
0
VERTEX
8
Layer 1
10
128.575288
20
394.993440
70
0
0
VERTEX
8
Layer 1
10
128.575288
20
390.992945
70
0
0
SEQEND
8
Layer 1
0
POLYLINE
8
Layer 1
62
7
70
0
10
0.000000
20
0.000000
66
1
0
VERTEX
8
Layer 1
10
128.575288
20
390.992945
70
0
0
VERTEX
8
Layer 1
10
116.408703
20
390.992945
70
0
0
SEQEND
8
Layer 1
0
POLYLINE
8
Layer 1
62
7
70
0
10
0.000000
20
0.000000
66
1
0
VERTEX
8
Layer 1
10
116.408703
20
390.992945
70
0
0
VERTEX
8
Layer 1
10
116.408703
20
394.993440
70
0
0
SEQEND
8
Layer 1
0
POLYLINE
8
Layer 1
62
7
70
0
10
0.000000
20
0.000000
66
1
0
VERTEX
8
Layer 1
10
116.408703
20
394.993440
70
0
0
VERTEX
8
Layer 1
10
104.242119
20
394.993440
70
0
0
SEQEND
8
Layer 1
0
POLYLINE
8
Layer 1
62
7
70
0
10
0.000000
20
0.000000
66
1
0
VERTEX
8
Layer 1
10
104.242119
20
394.993440
70
0
0
VERTEX
8
Layer 1
10
104.242119
20
390.992945
70
0
0
SEQEND
8
Layer 1
0
POLYLINE
8
Layer 1
62
7
70
0
10
0.000000
20
0.000000
66
1
0
VERTEX
8
Layer 1
10
104.242119
20
390.992945
70
0
0
VERTEX
8
Layer 1
10
92.075375
20
390.992945
70
0
0
SEQEND
8
Layer 1
0
POLYLINE
8
Layer 1
62
7
70
0
10
0.000000
20
0.000000
66
1
0
VERTEX
8
Layer 1
10
92.075375
20
390.992945
70
0
0
VERTEX
8
Layer 1
10
92.075375
20
394.993440
70
0
0
SEQEND
8
Layer 1
0
POLYLINE
8
Layer 1
62
7
70
0
10
0.000000
20
0.000000
66
1
0
VERTEX
8
Layer 1
10
92.075375
20
394.993440
70
0
0
VERTEX
8
Layer 1
10
79.908791
20
394.993440
70
0
0
SEQEND
8
Layer 1
0
POLYLINE
8
Layer 1
62
7
70
0
10
0.000000
20
0.000000
66
1
0
VERTEX
8
Layer 1
10
79.908791
20
394.993440
70
0
0
VERTEX
8
Layer 1
10
79.908791
20
390.992945
70
0
0
SEQEND
8
Layer 1
0
POLYLINE
8
Layer 1
62
7
70
0
10
0.000000
20
0.000000
66
1
0
VERTEX
8
Layer 1
10
79.908791
20
390.992945
70
0
0
VERTEX
8
Layer 1
10
67.742100
20
390.992945
70
0
0
SEQEND
8
Layer 1
0
POLYLINE
8
Layer 1
62
7
70
0
10
0.000000
20
0.000000
66
1
0
VERTEX
8
Layer 1
10
67.742100
20
390.992945
70
0
0
VERTEX
8
Layer 1
10
67.742100
20
400.994182
70
0
0
SEQEND
8
Layer 1
0
POLYLINE
8
Layer 1
62
7
70
0
10
0.000000
20
0.000000
66
1
0
VERTEX
8
Layer 1
10
67.742100
20
400.994182
70
0
0
VERTEX
8
Layer 1
10
63.742108
20
400.994182
70
0
0
SEQEND
8
Layer 1
0
POLYLINE
8
Layer 1
62
7
70
0
10
0.000000
20
0.000000
66
1
0
VERTEX
8
Layer 1
10
63.742108
20
400.994182
70
0
0
VERTEX
8
Layer 1
10
63.742108
20
406.994925
70
0
0
SEQEND
8
Layer 1
0
POLYLINE
8
Layer 1
62
7
70
0
10
0.000000
20
0.000000
66
1
0
VERTEX
8
Layer 1
10
63.742108
20
406.994925
70
0
0
VERTEX
8
Layer 1
10
67.742100
20
406.994925
70
0
0
SEQEND
8
Layer 1
0
POLYLINE
8
Layer 1
62
7
70
0
10
0.000000
20
0.000000
66
1
0
VERTEX
8
Layer 1
10
67.742100
20
406.994925
70
0
0
VERTEX
8
Layer 1
10
67.742100
20
412.993021
70
0
0
SEQEND
8
Layer 1
0
POLYLINE
8
Layer 1
62
7
70
0
10
0.000000
20
0.000000
66
1
0
VERTEX
8
Layer 1
10
67.742100
20
412.993021
70
0
0
VERTEX
8
Layer 1
10
63.742108
20
412.993021
70
0
0
SEQEND
8
Layer 1
0
POLYLINE
8
Layer 1
62
7
70
0
10
0.000000
20
0.000000
66
1
0
VERTEX
8
Layer 1
10
63.742108
20
412.993021
70
0
0
VERTEX
8
Layer 1
10
63.742108
20
418.993764
70
0
0
SEQEND
8
Layer 1
0
POLYLINE
8
Layer 1
62
7
70
0
10
0.000000
20
0.000000
66
1
0
VERTEX
8
Layer 1
10
63.742108
20
418.993764
70
0
0
VERTEX
8
Layer 1
10
67.742100
20
418.993764
70
0
0
SEQEND
8
Layer 1
0
POLYLINE
8
Layer 1
62
7
70
0
10
0.000000
20
0.000000
66
1
0
VERTEX
8
Layer 1
10
67.742100
20
418.993764
70
0
0
VERTEX
8
Layer 1
10
67.742100
20
424.994506
70
0
0
SEQEND
8
Layer 1
0
POLYLINE
8
Layer 1
62
7
70
0
10
0.000000
20
0.000000
66
1
0
VERTEX
8
Layer 1
10
67.742100
20
424.994506
70
0
0
VERTEX
8
Layer 1
10
63.742108
20
424.994506
70
0
0
SEQEND
8
Layer 1
0
POLYLINE
8
Layer 1
62
7
70
0
10
0.000000
20
0.000000
66
1
0
VERTEX
8
Layer 1
10
63.742108
20
424.994506
70
0
0
VERTEX
8
Layer 1
10
63.742108
20
430.992603
70
0
0
SEQEND
8
Layer 1
0
POLYLINE
8
Layer 1
62
7
70
0
10
0.000000
20
0.000000
66
1
0
VERTEX
8
Layer 1
10
63.742108
20
430.992603
70
0
0
VERTEX
8
Layer 1
10
67.742100
20
430.992603
70
0
0
SEQEND
8
Layer 1
0
POLYLINE
8
Layer 1
62
7
70
0
10
0.000000
20
0.000000
66
1
0
VERTEX
8
Layer 1
10
67.742100
20
430.992603
70
0
0
VERTEX
8
Layer 1
10
67.742100
20
436.993345
70
0
0
SEQEND
8
Layer 1
0
POLYLINE
8
Layer 1
62
7
70
0
10
0.000000
20
0.000000
66
1
0
VERTEX
8
Layer 1
10
67.742100
20
436.993345
70
0
0
VERTEX
8
Layer 1
10
63.742108
20
436.993345
70
0
0
SEQEND
8
Layer 1
0
POLYLINE
8
Layer 1
62
7
70
0
10
0.000000
20
0.000000
66
1
0
VERTEX
8
Layer 1
10
63.742108
20
436.993345
70
0
0
VERTEX
8
Layer 1
10
63.742108
20
442.994088
70
0
0
SEQEND
8
Layer 1
0
POLYLINE
8
Layer 1
62
7
70
0
10
0.000000
20
0.000000
66
1
0
VERTEX
8
Layer 1
10
63.742108
20
442.994088
70
0
0
VERTEX
8
Layer 1
10
67.742100
20
442.994088
70
0
0
SEQEND
8
Layer 1
0
POLYLINE
8
Layer 1
62
7
70
0
10
0.000000
20
0.000000
66
1
0
VERTEX
8
Layer 1
10
67.742100
20
442.994088
70
0
0
VERTEX
8
Layer 1
10
67.742100
20
448.994830
70
0
0
SEQEND
8
Layer 1
0
POLYLINE
8
Layer 1
62
7
70
0
10
0.000000
20
0.000000
66
1
0
VERTEX
8
Layer 1
10
67.742100
20
448.994830
70
0
0
VERTEX
8
Layer 1
10
63.742108
20
448.994830
70
0
0
SEQEND
8
Layer 1
0
POLYLINE
8
Layer 1
62
7
70
0
10
0.000000
20
0.000000
66
1
0
VERTEX
8
Layer 1
10
63.742108
20
448.994830
70
0
0
VERTEX
8
Layer 1
10
63.742108
20
454.992927
70
0
0
SEQEND
8
Layer 1
0
POLYLINE
8
Layer 1
62
7
70
0
10
0.000000
20
0.000000
66
1
0
VERTEX
8
Layer 1
10
63.742108
20
454.992927
70
0
0
VERTEX
8
Layer 1
10
67.742100
20
454.992927
70
0
0
SEQEND
8
Layer 1
0
POLYLINE
8
Layer 1
62
7
70
0
10
0.000000
20
0.000000
66
1
0
VERTEX
8
Layer 1
10
67.742100
20
454.992927
70
0
0
VERTEX
8
Layer 1
10
67.742100
20
460.993669
70
0
0
SEQEND
8
Layer 1
0
POLYLINE
8
Layer 1
62
7
70
0
10
0.000000
20
0.000000
66
1
0
VERTEX
8
Layer 1
10
67.742100
20
460.993669
70
0
0
VERTEX
8
Layer 1
10
63.742108
20
460.993669
70
0
0
SEQEND
8
Layer 1
0
POLYLINE
8
Layer 1
62
7
70
0
10
0.000000
20
0.000000
66
1
0
VERTEX
8
Layer 1
10
63.742108
20
460.993669
70
0
0
VERTEX
8
Layer 1
10
63.742108
20
466.994412
70
0
0
SEQEND
8
Layer 1
0
POLYLINE
8
Layer 1
62
7
70
0
10
0.000000
20
0.000000
66
1
0
VERTEX
8
Layer 1
10
63.742108
20
466.994412
70
0
0
VERTEX
8
Layer 1
10
67.742100
20
466.994412
70
0
0
SEQEND
8
Layer 1
0
POLYLINE
8
Layer 1
62
7
70
0
10
0.000000
20
0.000000
66
1
0
VERTEX
8
Layer 1
10
67.742100
20
466.994412
70
0
0
VERTEX
8
Layer 1
10
67.742100
20
470.992261
70
0
0
SEQEND
8
Layer 1
0
POLYLINE
8
Layer 1
62
7
70
0
10
0.000000
20
0.000000
66
1
0
VERTEX
8
Layer 1
10
67.742100
20
470.992261
70
0
0
VERTEX
8
Layer 1
10
79.908791
20
470.992261
70
0
0
SEQEND
8
Layer 1
0
POLYLINE
8
Layer 1
62
7
70
0
10
0.000000
20
0.000000
66
1
0
VERTEX
8
Layer 1
10
79.908791
20
470.992261
70
0
0
VERTEX
8
Layer 1
10
79.908791
20
466.994412
70
0
0
SEQEND
8
Layer 1
0
POLYLINE
8
Layer 1
62
7
70
0
10
0.000000
20
0.000000
66
1
0
VERTEX
8
Layer 1
10
205.741978
20
410.992774
70
0
0
VERTEX
8
Layer 1
10
205.741978
20
402.994430
70
0
0
SEQEND
8
Layer 1
0
POLYLINE
8
Layer 1
62
7
70
0
10
0.000000
20
0.000000
66
1
0
VERTEX
8
Layer 1
10
205.741978
20
402.994430
70
0
0
VERTEX
8
Layer 1
10
209.741944
20
402.994430
70
0
0
SEQEND
8
Layer 1
0
POLYLINE
8
Layer 1
62
7
70
0
10
0.000000
20
0.000000
66
1
0
VERTEX
8
Layer 1
10
209.741944
20
402.994430
70
0
0
VERTEX
8
Layer 1
10
209.741944
20
410.992774
70
0
0
SEQEND
8
Layer 1
0
POLYLINE
8
Layer 1
62
7
70
0
10
0.000000
20
0.000000
66
1
0
VERTEX
8
Layer 1
10
209.741944
20
410.992774
70
0
0
VERTEX
8
Layer 1
10
205.741978
20
410.992774
70
0
0
SEQEND
8
Layer 1
0
POLYLINE
8
Layer 1
62
7
70
0
10
0.000000
20
0.000000
66
1
0
VERTEX
8
Layer 1
10
205.741978
20
426.994754
70
0
0
VERTEX
8
Layer 1
10
205.741978
20
418.993764
70
0
0
SEQEND
8
Layer 1
0
POLYLINE
8
Layer 1
62
7
70
0
10
0.000000
20
0.000000
66
1
0
VERTEX
8
Layer 1
10
205.741978
20
418.993764
70
0
0
VERTEX
8
Layer 1
10
209.741944
20
418.993764
70
0
0
SEQEND
8
Layer 1
0
POLYLINE
8
Layer 1
62
7
70
0
10
0.000000
20
0.000000
66
1
0
VERTEX
8
Layer 1
10
209.741944
20
418.993764
70
0
0
VERTEX
8
Layer 1
10
209.741944
20
426.994754
70
0
0
SEQEND
8
Layer 1
0
POLYLINE
8
Layer 1
62
7
70
0
10
0.000000
20
0.000000
66
1
0
VERTEX
8
Layer 1
10
209.741944
20
426.994754
70
0
0
VERTEX
8
Layer 1
10
205.741978
20
426.994754
70
0
0
SEQEND
8
Layer 1
0
POLYLINE
8
Layer 1
62
7
70
0
10
0.000000
20
0.000000
66
1
0
VERTEX
8
Layer 1
10
205.741978
20
442.994088
70
0
0
VERTEX
8
Layer 1
10
205.741978
20
434.993098
70
0
0
SEQEND
8
Layer 1
0
POLYLINE
8
Layer 1
62
7
70
0
10
0.000000
20
0.000000
66
1
0
VERTEX
8
Layer 1
10
205.741978
20
434.993098
70
0
0
VERTEX
8
Layer 1
10
209.741944
20
434.993098
70
0
0
SEQEND
8
Layer 1
0
POLYLINE
8
Layer 1
62
7
70
0
10
0.000000
20
0.000000
66
1
0
VERTEX
8
Layer 1
10
209.741944
20
434.993098
70
0
0
VERTEX
8
Layer 1
10
209.741944
20
442.994088
70
0
0
SEQEND
8
Layer 1
0
POLYLINE
8
Layer 1
62
7
70
0
10
0.000000
20
0.000000
66
1
0
VERTEX
8
Layer 1
10
209.741944
20
442.994088
70
0
0
VERTEX
8
Layer 1
10
205.741978
20
442.994088
70
0
0
SEQEND
8
Layer 1
0
POLYLINE
8
Layer 1
62
7
70
0
10
0.000000
20
0.000000
66
1
0
VERTEX
8
Layer 1
10
205.741978
20
458.993422
70
0
0
VERTEX
8
Layer 1
10
205.741978
20
450.992432
70
0
0
SEQEND
8
Layer 1
0
POLYLINE
8
Layer 1
62
7
70
0
10
0.000000
20
0.000000
66
1
0
VERTEX
8
Layer 1
10
205.741978
20
450.992432
70
0
0
VERTEX
8
Layer 1
10
209.741944
20
450.992432
70
0
0
SEQEND
8
Layer 1
0
POLYLINE
8
Layer 1
62
7
70
0
10
0.000000
20
0.000000
66
1
0
VERTEX
8
Layer 1
10
209.741944
20
450.992432
70
0
0
VERTEX
8
Layer 1
10
209.741944
20
458.993422
70
0
0
SEQEND
8
Layer 1
0
POLYLINE
8
Layer 1
62
7
70
0
10
0.000000
20
0.000000
66
1
0
VERTEX
8
Layer 1
10
209.741944
20
458.993422
70
0
0
VERTEX
8
Layer 1
10
205.741978
20
458.993422
70
0
0
SEQEND
8
Layer 1
0
POLYLINE
8
Layer 1
62
7
70
0
10
0.000000
20
0.000000
66
1
0
VERTEX
8
Layer 1
10
91.539793
20
477.521222
70
0
0
VERTEX
8
Layer 1
10
103.706536
20
477.540820
70
0
0
SEQEND
8
Layer 1
0
POLYLINE
8
Layer 1
62
7
70
0
10
0.000000
20
0.000000
66
1
0
VERTEX
8
Layer 1
10
103.706522
20
477.537822
70
0
0
VERTEX
8
Layer 1
10
103.712966
20
473.537327
70
0
0
SEQEND
8
Layer 1
0
POLYLINE
8
Layer 1
62
7
70
0
10
0.000000
20
0.000000
66
1
0
VERTEX
8
Layer 1
10
103.712966
20
473.537327
70
0
0
VERTEX
8
Layer 1
10
115.879551
20
473.556926
70
0
0
SEQEND
8
Layer 1
0
POLYLINE
8
Layer 1
62
7
70
0
10
0.000000
20
0.000000
66
1
0
VERTEX
8
Layer 1
10
115.879551
20
473.556926
70
0
0
VERTEX
8
Layer 1
10
115.873107
20
477.557421
70
0
0
SEQEND
8
Layer 1
0
POLYLINE
8
Layer 1
62
7
70
0
10
0.000000
20
0.000000
66
1
0
VERTEX
8
Layer 1
10
115.873107
20
477.557421
70
0
0
VERTEX
8
Layer 1
10
128.039691
20
477.577019
70
0
0
SEQEND
8
Layer 1
0
POLYLINE
8
Layer 1
62
7
70
0
10
0.000000
20
0.000000
66
1
0
VERTEX
8
Layer 1
10
128.039691
20
477.577019
70
0
0
VERTEX
8
Layer 1
10
128.046136
20
473.576524
70
0
0
SEQEND
8
Layer 1
0
POLYLINE
8
Layer 1
62
7
70
0
10
0.000000
20
0.000000
66
1
0
VERTEX
8
Layer 1
10
128.046136
20
473.576524
70
0
0
VERTEX
8
Layer 1
10
140.212985
20
473.596124
70
0
0
SEQEND
8
Layer 1
0
POLYLINE
8
Layer 1
62
7
70
0
10
0.000000
20
0.000000
66
1
0
VERTEX
8
Layer 1
10
140.212985
20
473.596124
70
0
0
VERTEX
8
Layer 1
10
140.206541
20
477.596619
70
0
0
SEQEND
8
Layer 1
0
POLYLINE
8
Layer 1
62
7
70
0
10
0.000000
20
0.000000
66
1
0
VERTEX
8
Layer 1
10
140.206541
20
477.596619
70
0
0
VERTEX
8
Layer 1
10
152.373125
20
477.616217
70
0
0
SEQEND
8
Layer 1
0
POLYLINE
8
Layer 1
62
7
70
0
10
0.000000
20
0.000000
66
1
0
VERTEX
8
Layer 1
10
152.373125
20
477.616217
70
0
0
VERTEX
8
Layer 1
10
152.379569
20
473.615722
70
0
0
SEQEND
8
Layer 1
0
POLYLINE
8
Layer 1
62
7
70
0
10
0.000000
20
0.000000
66
1
0
VERTEX
8
Layer 1
10
152.379569
20
473.615722
70
0
0
VERTEX
8
Layer 1
10
164.546154
20
473.635321
70
0
0
SEQEND
8
Layer 1
0
POLYLINE
8
Layer 1
62
7
70
0
10
0.000000
20
0.000000
66
1
0
VERTEX
8
Layer 1
10
164.546154
20
473.635321
70
0
0
VERTEX
8
Layer 1
10
164.539710
20
477.635816
70
0
0
SEQEND
8
Layer 1
0
POLYLINE
8
Layer 1
62
7
70
0
10
0.000000
20
0.000000
66
1
0
VERTEX
8
Layer 1
10
164.539710
20
477.635816
70
0
0
VERTEX
8
Layer 1
10
176.706295
20
477.655415
70
0
0
SEQEND
8
Layer 1
0
POLYLINE
8
Layer 1
62
7
70
0
10
0.000000
20
0.000000
66
1
0
VERTEX
8
Layer 1
10
176.706295
20
477.655415
70
0
0
VERTEX
8
Layer 1
10
176.712739
20
473.654920
70
0
0
SEQEND
8
Layer 1
0
POLYLINE
8
Layer 1
62
7
70
0
10
0.000000
20
0.000000
66
1
0
VERTEX
8
Layer 1
10
176.712739
20
473.654920
70
0
0
VERTEX
8
Layer 1
10
188.879853
20
473.674520
70
0
0
SEQEND
8
Layer 1
0
POLYLINE
8
Layer 1
62
7
70
0
10
0.000000
20
0.000000
66
1
0
VERTEX
8
Layer 1
10
188.879853
20
473.674520
70
0
0
VERTEX
8
Layer 1
10
188.873408
20
477.675015
70
0
0
SEQEND
8
Layer 1
0
POLYLINE
8
Layer 1
62
7
70
0
10
0.000000
20
0.000000
66
1
0
VERTEX
8
Layer 1
10
188.873408
20
477.675015
70
0
0
VERTEX
8
Layer 1
10
201.039464
20
477.694613
70
0
0
SEQEND
8
Layer 1
0
POLYLINE
8
Layer 1
62
7
70
0
10
0.000000
20
0.000000
66
1
0
VERTEX
8
Layer 1
10
201.039464
20
477.694613
70
0
0
VERTEX
8
Layer 1
10
201.045908
20
473.694118
70
0
0
SEQEND
8
Layer 1
0
POLYLINE
8
Layer 1
62
7
70
0
10
0.000000
20
0.000000
66
1
0
VERTEX
8
Layer 1
10
201.045908
20
473.694118
70
0
0
VERTEX
8
Layer 1
10
213.212757
20
473.713717
70
0
0
SEQEND
8
Layer 1
0
POLYLINE
8
Layer 1
62
7
70
0
10
0.000000
20
0.000000
66
1
0
VERTEX
8
Layer 1
10
213.212757
20
473.713717
70
0
0
VERTEX
8
Layer 1
10
213.090329
20
549.715184
70
0
0
SEQEND
8
Layer 1
0
POLYLINE
8
Layer 1
62
7
70
0
10
0.000000
20
0.000000
66
1
0
VERTEX
8
Layer 1
10
213.090329
20
549.715184
70
0
0
VERTEX
8
Layer 1
10
200.923480
20
549.695584
70
0
0
SEQEND
8
Layer 1
0
POLYLINE
8
Layer 1
62
7
70
0
10
0.000000
20
0.000000
66
1
0
VERTEX
8
Layer 1
10
200.923480
20
549.695584
70
0
0
VERTEX
8
Layer 1
10
200.917035
20
553.696079
70
0
0
SEQEND
8
Layer 1
0
POLYLINE
8
Layer 1
62
7
70
0
10
0.000000
20
0.000000
66
1
0
VERTEX
8
Layer 1
10
200.917035
20
553.696079
70
0
0
VERTEX
8
Layer 1
10
188.750980
20
553.676481
70
0
0
SEQEND
8
Layer 1
0
POLYLINE
8
Layer 1
62
7
70
0
10
0.000000
20
0.000000
66
1
0
VERTEX
8
Layer 1
10
188.750980
20
553.676481
70
0
0
VERTEX
8
Layer 1
10
188.757424
20
549.675986
70
0
0
SEQEND
8
Layer 1
0
POLYLINE
8
Layer 1
62
7
70
0
10
0.000000
20
0.000000
66
1
0
VERTEX
8
Layer 1
10
188.757424
20
549.675986
70
0
0
VERTEX
8
Layer 1
10
176.590310
20
549.656387
70
0
0
SEQEND
8
Layer 1
0
POLYLINE
8
Layer 1
62
7
70
0
10
0.000000
20
0.000000
66
1
0
VERTEX
8
Layer 1
10
176.590310
20
549.656387
70
0
0
VERTEX
8
Layer 1
10
176.583866
20
553.656882
70
0
0
SEQEND
8
Layer 1
0
POLYLINE
8
Layer 1
62
7
70
0
10
0.000000
20
0.000000
66
1
0
VERTEX
8
Layer 1
10
176.583866
20
553.656882
70
0
0
VERTEX
8
Layer 1
10
164.417281
20
553.637283
70
0
0
SEQEND
8
Layer 1
0
POLYLINE
8
Layer 1
62
7
70
0
10
0.000000
20
0.000000
66
1
0
VERTEX
8
Layer 1
10
164.417281
20
553.637283
70
0
0
VERTEX
8
Layer 1
10
164.423726
20
549.636788
70
0
0
SEQEND
8
Layer 1
0
POLYLINE
8
Layer 1
62
7
70
0
10
0.000000
20
0.000000
66
1
0
VERTEX
8
Layer 1
10
164.423726
20
549.636788
70
0
0
VERTEX
8
Layer 1
10
152.257141
20
549.617189
70
0
0
SEQEND
8
Layer 1
0
POLYLINE
8
Layer 1
62
7
70
0
10
0.000000
20
0.000000
66
1
0
VERTEX
8
Layer 1
10
152.257141
20
549.617189
70
0
0
VERTEX
8
Layer 1
10
152.250697
20
553.617684
70
0
0
SEQEND
8
Layer 1
0
POLYLINE
8
Layer 1
62
7
70
0
10
0.000000
20
0.000000
66
1
0
VERTEX
8
Layer 1
10
152.250697
20
553.617684
70
0
0
VERTEX
8
Layer 1
10
140.084112
20
553.598085
70
0
0
SEQEND
8
Layer 1
0
POLYLINE
8
Layer 1
62
7
70
0
10
0.000000
20
0.000000
66
1
0
VERTEX
8
Layer 1
10
140.084112
20
553.598085
70
0
0
VERTEX
8
Layer 1
10
140.090556
20
549.597590
70
0
0
SEQEND
8
Layer 1
0
POLYLINE
8
Layer 1
62
7
70
0
10
0.000000
20
0.000000
66
1
0
VERTEX
8
Layer 1
10
140.090556
20
549.597590
70
0
0
VERTEX
8
Layer 1
10
127.923707
20
549.577991
70
0
0
SEQEND
8
Layer 1
0
POLYLINE
8
Layer 1
62
7
70
0
10
0.000000
20
0.000000
66
1
0
VERTEX
8
Layer 1
10
127.923707
20
549.577991
70
0
0
VERTEX
8
Layer 1
10
127.917263
20
553.578486
70
0
0
SEQEND
8
Layer 1
0
POLYLINE
8
Layer 1
62
7
70
0
10
0.000000
20
0.000000
66
1
0
VERTEX
8
Layer 1
10
127.917263
20
553.578486
70
0
0
VERTEX
8
Layer 1
10
115.750678
20
553.558887
70
0
0
SEQEND
8
Layer 1
0
POLYLINE
8
Layer 1
62
7
70
0
10
0.000000
20
0.000000
66
1
0
VERTEX
8
Layer 1
10
115.750678
20
553.558887
70
0
0
VERTEX
8
Layer 1
10
115.757122
20
549.558392
70
0
0
SEQEND
8
Layer 1
0
POLYLINE
8
Layer 1
62
7
70
0
10
0.000000
20
0.000000
66
1
0
VERTEX
8
Layer 1
10
115.757122
20
549.558392
70
0
0
VERTEX
8
Layer 1
10
103.590538
20
549.538794
70
0
0
SEQEND
8
Layer 1
0
POLYLINE
8
Layer 1
62
7
70
0
10
0.000000
20
0.000000
66
1
0
VERTEX
8
Layer 1
10
103.590538
20
549.538794
70
0
0
VERTEX
8
Layer 1
10
103.584093
20
553.539289
70
0
0
SEQEND
8
Layer 1
0
POLYLINE
8
Layer 1
62
7
70
0
10
0.000000
20
0.000000
66
1
0
VERTEX
8
Layer 1
10
103.584093
20
553.539289
70
0
0
VERTEX
8
Layer 1
10
91.417350
20
553.519690
70
0
0
SEQEND
8
Layer 1
0
POLYLINE
8
Layer 1
62
7
70
0
10
0.000000
20
0.000000
66
1
0
VERTEX
8
Layer 1
10
91.417350
20
553.519690
70
0
0
VERTEX
8
Layer 1
10
91.423794
20
549.519195
70
0
0
SEQEND
8
Layer 1
0
POLYLINE
8
Layer 1
62
7
70
0
10
0.000000
20
0.000000
66
1
0
VERTEX
8
Layer 1
10
91.423794
20
549.519195
70
0
0
VERTEX
8
Layer 1
10
79.257210
20
549.499596
70
0
0
SEQEND
8
Layer 1
0
POLYLINE
8
Layer 1
62
7
70
0
10
0.000000
20
0.000000
66
1
0
VERTEX
8
Layer 1
10
79.257210
20
549.499596
70
0
0
VERTEX
8
Layer 1
10
79.250765
20
553.500091
70
0
0
SEQEND
8
Layer 1
0
POLYLINE
8
Layer 1
62
7
70
0
10
0.000000
20
0.000000
66
1
0
VERTEX
8
Layer 1
10
79.250765
20
553.500091
70
0
0
VERTEX
8
Layer 1
10
63.084083
20
553.474048
70
0
0
SEQEND
8
Layer 1
0
POLYLINE
8
Layer 1
62
7
70
0
10
0.000000
20
0.000000
66
1
0
VERTEX
8
Layer 1
10
63.084083
20
553.474048
70
0
0
VERTEX
8
Layer 1
10
63.090527
20
549.473553
70
0
0
SEQEND
8
Layer 1
0
POLYLINE
8
Layer 1
62
7
70
0
10
0.000000
20
0.000000
66
1
0
VERTEX
8
Layer 1
10
63.090527
20
549.473553
70
0
0
VERTEX
8
Layer 1
10
67.090519
20
549.479997
70
0
0
SEQEND
8
Layer 1
0
POLYLINE
8
Layer 1
62
7
70
0
10
0.000000
20
0.000000
66
1
0
VERTEX
8
Layer 1
10
67.090519
20
549.479997
70
0
0
VERTEX
8
Layer 1
10
67.100185
20
543.479254
70
0
0
SEQEND
8
Layer 1
0
POLYLINE
8
Layer 1
62
7
70
0
10
0.000000
20
0.000000
66
1
0
VERTEX
8
Layer 1
10
67.100185
20
543.479254
70
0
0
VERTEX
8
Layer 1
10
63.100193
20
543.472811
70
0
0
SEQEND
8
Layer 1
0
POLYLINE
8
Layer 1
62
7
70
0
10
0.000000
20
0.000000
66
1
0
VERTEX
8
Layer 1
10
63.100193
20
543.472811
70
0
0
VERTEX
8
Layer 1
10
63.109860
20
537.472068
70
0
0
SEQEND
8
Layer 1
0
POLYLINE
8
Layer 1
62
7
70
0
10
0.000000
20
0.000000
66
1
0
VERTEX
8
Layer 1
10
63.109860
20
537.472068
70
0
0
VERTEX
8
Layer 1
10
67.109852
20
537.478512
70
0
0
SEQEND
8
Layer 1
0
POLYLINE
8
Layer 1
62
7
70
0
10
0.000000
20
0.000000
66
1
0
VERTEX
8
Layer 1
10
67.109852
20
537.478512
70
0
0
VERTEX
8
Layer 1
10
67.119514
20
531.480415
70
0
0
SEQEND
8
Layer 1
0
POLYLINE
8
Layer 1
62
7
70
0
10
0.000000
20
0.000000
66
1
0
VERTEX
8
Layer 1
10
67.119514
20
531.480415
70
0
0
VERTEX
8
Layer 1
10
63.119522
20
531.473972
70
0
0
SEQEND
8
Layer 1
0
POLYLINE
8
Layer 1
62
7
70
0
10
0.000000
20
0.000000
66
1
0
VERTEX
8
Layer 1
10
63.119522
20
531.473972
70
0
0
VERTEX
8
Layer 1
10
63.129188
20
525.473229
70
0
0
SEQEND
8
Layer 1
0
POLYLINE
8
Layer 1
62
7
70
0
10
0.000000
20
0.000000
66
1
0
VERTEX
8
Layer 1
10
63.129188
20
525.473229
70
0
0
VERTEX
8
Layer 1
10
67.129180
20
525.479673
70
0
0
SEQEND
8
Layer 1
0
POLYLINE
8
Layer 1
62
7
70
0
10
0.000000
20
0.000000
66
1
0
VERTEX
8
Layer 1
10
67.129180
20
525.479673
70
0
0
VERTEX
8
Layer 1
10
67.138847
20
519.478930
70
0
0
SEQEND
8
Layer 1
0
POLYLINE
8
Layer 1
62
7
70
0
10
0.000000
20
0.000000
66
1
0
VERTEX
8
Layer 1
10
67.138847
20
519.478930
70
0
0
VERTEX
8
Layer 1
10
63.138855
20
519.472487
70
0
0
SEQEND
8
Layer 1
0
POLYLINE
8
Layer 1
62
7
70
0
10
0.000000
20
0.000000
66
1
0
VERTEX
8
Layer 1
10
63.138855
20
519.472487
70
0
0
VERTEX
8
Layer 1
10
63.148521
20
513.471745
70
0
0
SEQEND
8
Layer 1
0
POLYLINE
8
Layer 1
62
7
70
0
10
0.000000
20
0.000000
66
1
0
VERTEX
8
Layer 1
10
63.148521
20
513.471745
70
0
0
VERTEX
8
Layer 1
10
67.148513
20
513.478188
70
0
0
SEQEND
8
Layer 1
0
POLYLINE
8
Layer 1
62
7
70
0
10
0.000000
20
0.000000
66
1
0
VERTEX
8
Layer 1
10
67.148513
20
513.478188
70
0
0
VERTEX
8
Layer 1
10
67.158175
20
507.480091
70
0
0
SEQEND
8
Layer 1
0
POLYLINE
8
Layer 1
62
7
70
0
10
0.000000
20
0.000000
66
1
0
VERTEX
8
Layer 1
10
67.158175
20
507.480091
70
0
0
VERTEX
8
Layer 1
10
63.158183
20
507.473648
70
0
0
SEQEND
8
Layer 1
0
POLYLINE
8
Layer 1
62
7
70
0
10
0.000000
20
0.000000
66
1
0
VERTEX
8
Layer 1
10
63.158183
20
507.473648
70
0
0
VERTEX
8
Layer 1
10
63.167850
20
501.472905
70
0
0
SEQEND
8
Layer 1
0
POLYLINE
8
Layer 1
62
7
70
0
10
0.000000
20
0.000000
66
1
0
VERTEX
8
Layer 1
10
63.167850
20
501.472905
70
0
0
VERTEX
8
Layer 1
10
67.167842
20
501.479349
70
0
0
SEQEND
8
Layer 1
0
POLYLINE
8
Layer 1
62
7
70
0
10
0.000000
20
0.000000
66
1
0
VERTEX
8
Layer 1
10
67.167842
20
501.479349
70
0
0
VERTEX
8
Layer 1
10
67.177508
20
495.478607
70
0
0
SEQEND
8
Layer 1
0
POLYLINE
8
Layer 1
62
7
70
0
10
0.000000
20
0.000000
66
1
0
VERTEX
8
Layer 1
10
67.177508
20
495.478607
70
0
0
VERTEX
8
Layer 1
10
63.177516
20
495.472163
70
0
0
SEQEND
8
Layer 1
0
POLYLINE
8
Layer 1
62
7
70
0
10
0.000000
20
0.000000
66
1
0
VERTEX
8
Layer 1
10
63.177516
20
495.472163
70
0
0
VERTEX
8
Layer 1
10
63.187178
20
489.474066
70
0
0
SEQEND
8
Layer 1
0
POLYLINE
8
Layer 1
62
7
70
0
10
0.000000
20
0.000000
66
1
0
VERTEX
8
Layer 1
10
63.187178
20
489.474066
70
0
0
VERTEX
8
Layer 1
10
67.187170
20
489.480510
70
0
0
SEQEND
8
Layer 1
0
POLYLINE
8
Layer 1
62
7
70
0
10
0.000000
20
0.000000
66
1
0
VERTEX
8
Layer 1
10
67.187170
20
489.480510
70
0
0
VERTEX
8
Layer 1
10
67.196837
20
483.479767
70
0
0
SEQEND
8
Layer 1
0
POLYLINE
8
Layer 1
62
7
70
0
10
0.000000
20
0.000000
66
1
0
VERTEX
8
Layer 1
10
67.196837
20
483.479767
70
0
0
VERTEX
8
Layer 1
10
63.196845
20
483.473324
70
0
0
SEQEND
8
Layer 1
0
POLYLINE
8
Layer 1
62
7
70
0
10
0.000000
20
0.000000
66
1
0
VERTEX
8
Layer 1
10
63.196845
20
483.473324
70
0
0
VERTEX
8
Layer 1
10
63.206511
20
477.472582
70
0
0
SEQEND
8
Layer 1
0
POLYLINE
8
Layer 1
62
7
70
0
10
0.000000
20
0.000000
66
1
0
VERTEX
8
Layer 1
10
63.206511
20
477.472582
70
0
0
VERTEX
8
Layer 1
10
79.373194
20
477.498624
70
0
0
SEQEND
8
Layer 1
0
POLYLINE
8
Layer 1
62
7
70
0
10
0.000000
20
0.000000
66
1
0
VERTEX
8
Layer 1
10
79.373194
20
477.498624
70
0
0
VERTEX
8
Layer 1
10
79.379638
20
473.498129
70
0
0
SEQEND
8
Layer 1
0
POLYLINE
8
Layer 1
62
7
70
0
10
0.000000
20
0.000000
66
1
0
VERTEX
8
Layer 1
10
79.379638
20
473.498129
70
0
0
VERTEX
8
Layer 1
10
91.546223
20
473.517728
70
0
0
SEQEND
8
Layer 1
0
POLYLINE
8
Layer 1
62
7
70
0
10
0.000000
20
0.000000
66
1
0
VERTEX
8
Layer 1
10
91.546223
20
473.517728
70
0
0
VERTEX
8
Layer 1
10
91.539778
20
477.518223
70
0
0
SEQEND
8
Layer 1
0
POLYLINE
8
Layer 1
62
7
70
0
10
0.000000
20
0.000000
66
1
0
VERTEX
8
Layer 1
10
205.116170
20
533.702963
70
0
0
VERTEX
8
Layer 1
10
205.103286
20
541.701307
70
0
0
SEQEND
8
Layer 1
0
POLYLINE
8
Layer 1
62
7
70
0
10
0.000000
20
0.000000
66
1
0
VERTEX
8
Layer 1
10
205.103286
20
541.701307
70
0
0
VERTEX
8
Layer 1
10
209.103252
20
541.707750
70
0
0
SEQEND
8
Layer 1
0
POLYLINE
8
Layer 1
62
7
70
0
10
0.000000
20
0.000000
66
1
0
VERTEX
8
Layer 1
10
209.103252
20
541.707750
70
0
0
VERTEX
8
Layer 1
10
209.116136
20
533.709406
70
0
0
SEQEND
8
Layer 1
0
POLYLINE
8
Layer 1
62
7
70
0
10
0.000000
20
0.000000
66
1
0
VERTEX
8
Layer 1
10
209.116136
20
533.709406
70
0
0
VERTEX
8
Layer 1
10
205.116170
20
533.702963
70
0
0
SEQEND
8
Layer 1
0
POLYLINE
8
Layer 1
62
7
70
0
10
0.000000
20
0.000000
66
1
0
VERTEX
8
Layer 1
10
205.141947
20
517.700983
70
0
0
VERTEX
8
Layer 1
10
205.129059
20
525.701973
70
0
0
SEQEND
8
Layer 1
0
POLYLINE
8
Layer 1
62
7
70
0
10
0.000000
20
0.000000
66
1
0
VERTEX
8
Layer 1
10
205.129059
20
525.701973
70
0
0
VERTEX
8
Layer 1
10
209.129025
20
525.708416
70
0
0
SEQEND
8
Layer 1
0
POLYLINE
8
Layer 1
62
7
70
0
10
0.000000
20
0.000000
66
1
0
VERTEX
8
Layer 1
10
209.129025
20
525.708416
70
0
0
VERTEX
8
Layer 1
10
209.141913
20
517.707426
70
0
0
SEQEND
8
Layer 1
0
POLYLINE
8
Layer 1
62
7
70
0
10
0.000000
20
0.000000
66
1
0
VERTEX
8
Layer 1
10
209.141913
20
517.707426
70
0
0
VERTEX
8
Layer 1
10
205.141947
20
517.700983
70
0
0
SEQEND
8
Layer 1
0
POLYLINE
8
Layer 1
62
7
70
0
10
0.000000
20
0.000000
66
1
0
VERTEX
8
Layer 1
10
205.167720
20
501.701649
70
0
0
VERTEX
8
Layer 1
10
205.154832
20
509.702639
70
0
0
SEQEND
8
Layer 1
0
POLYLINE
8
Layer 1
62
7
70
0
10
0.000000
20
0.000000
66
1
0
VERTEX
8
Layer 1
10
205.154832
20
509.702639
70
0
0
VERTEX
8
Layer 1
10
209.154797
20
509.709082
70
0
0
SEQEND
8
Layer 1
0
POLYLINE
8
Layer 1
62
7
70
0
10
0.000000
20
0.000000
66
1
0
VERTEX
8
Layer 1
10
209.154797
20
509.709082
70
0
0
VERTEX
8
Layer 1
10
209.167686
20
501.708092
70
0
0
SEQEND
8
Layer 1
0
POLYLINE
8
Layer 1
62
7
70
0
10
0.000000
20
0.000000
66
1
0
VERTEX
8
Layer 1
10
209.167686
20
501.708092
70
0
0
VERTEX
8
Layer 1
10
205.167720
20
501.701649
70
0
0
SEQEND
8
Layer 1
0
POLYLINE
8
Layer 1
62
7
70
0
10
0.000000
20
0.000000
66
1
0
VERTEX
8
Layer 1
10
205.193493
20
485.702315
70
0
0
VERTEX
8
Layer 1
10
205.180609
20
493.700659
70
0
0
SEQEND
8
Layer 1
0
POLYLINE
8
Layer 1
62
7
70
0
10
0.000000
20
0.000000
66
1
0
VERTEX
8
Layer 1
10
205.180609
20
493.700659
70
0
0
VERTEX
8
Layer 1
10
209.180574
20
493.707102
70
0
0
SEQEND
8
Layer 1
0
POLYLINE
8
Layer 1
62
7
70
0
10
0.000000
20
0.000000
66
1
0
VERTEX
8
Layer 1
10
209.180574
20
493.707102
70
0
0
VERTEX
8
Layer 1
10
209.193459
20
485.708758
70
0
0
SEQEND
8
Layer 1
0
POLYLINE
8
Layer 1
62
7
70
0
10
0.000000
20
0.000000
66
1
0
VERTEX
8
Layer 1
10
209.193459
20
485.708758
70
0
0
VERTEX
8
Layer 1
10
205.193493
20
485.702315
70
0
0
SEQEND
8
Layer 1
0
POLYLINE
8
Layer 1
62
7
70
0
10
0.000000
20
0.000000
66
1
0
VERTEX
8
Layer 1
10
179.438100
20
485.224263
70
0
0
VERTEX
8
Layer 1
10
179.185094
20
485.263543
70
0
0
SEQEND
8
Layer 1
0
POLYLINE
8
Layer 1
62
7
70
0
10
0.000000
20
0.000000
66
1
0
VERTEX
8
Layer 1
10
179.185094
20
485.263543
70
0
0
VERTEX
8
Layer 1
10
178.937073
20
485.329290
70
0
0
SEQEND
8
Layer 1
0
POLYLINE
8
Layer 1
62
7
70
0
10
0.000000
20
0.000000
66
1
0
VERTEX
8
Layer 1
10
178.937073
20
485.329290
70
0
0
VERTEX
8
Layer 1
10
178.696947
20
485.421507
70
0
0
SEQEND
8
Layer 1
0
POLYLINE
8
Layer 1
62
7
70
0
10
0.000000
20
0.000000
66
1
0
VERTEX
8
Layer 1
10
178.696947
20
485.421507
70
0
0
VERTEX
8
Layer 1
10
178.468689
20
485.537556
70
0
0
SEQEND
8
Layer 1
0
POLYLINE
8
Layer 1
62
7
70
0
10
0.000000
20
0.000000
66
1
0
VERTEX
8
Layer 1
10
178.468689
20
485.537556
70
0
0
VERTEX
8
Layer 1
10
178.253358
20
485.677439
70
0
0
SEQEND
8
Layer 1
0
POLYLINE
8
Layer 1
62
7
70
0
10
0.000000
20
0.000000
66
1
0
VERTEX
8
Layer 1
10
178.253358
20
485.677439
70
0
0
VERTEX
8
Layer 1
10
178.054135
20
485.835868
70
0
0
SEQEND
8
Layer 1
0
POLYLINE
8
Layer 1
62
7
70
0
10
0.000000
20
0.000000
66
1
0
VERTEX
8
Layer 1
10
178.054135
20
485.835868
70
0
0
VERTEX
8
Layer 1
10
177.871808
20
486.018137
70
0
0
SEQEND
8
Layer 1
0
POLYLINE
8
Layer 1
62
7
70
0
10
0.000000
20
0.000000
66
1
0
VERTEX
8
Layer 1
10
177.871808
20
486.018137
70
0
0
VERTEX
8
Layer 1
10
177.710622
20
486.216315
70
0
0
SEQEND
8
Layer 1
0
POLYLINE
8
Layer 1
62
7
70
0
10
0.000000
20
0.000000
66
1
0
VERTEX
8
Layer 1
10
177.710622
20
486.216315
70
0
0
VERTEX
8
Layer 1
10
177.570308
20
486.433048
70
0
0
SEQEND
8
Layer 1
0
POLYLINE
8
Layer 1
62
7
70
0
10
0.000000
20
0.000000
66
1
0
VERTEX
8
Layer 1
10
177.570308
20
486.433048
70
0
0
VERTEX
8
Layer 1
10
177.453790
20
486.660402
70
0
0
SEQEND
8
Layer 1
0
POLYLINE
8
Layer 1
62
7
70
0
10
0.000000
20
0.000000
66
1
0
VERTEX
8
Layer 1
10
177.453790
20
486.660402
70
0
0
VERTEX
8
Layer 1
10
177.361592
20
486.901025
70
0
0
SEQEND
8
Layer 1
0
POLYLINE
8
Layer 1
62
7
70
0
10
0.000000
20
0.000000
66
1
0
VERTEX
8
Layer 1
10
177.361592
20
486.901025
70
0
0
VERTEX
8
Layer 1
10
177.295049
20
487.146980
70
0
0
SEQEND
8
Layer 1
0
POLYLINE
8
Layer 1
62
7
70
0
10
0.000000
20
0.000000
66
1
0
VERTEX
8
Layer 1
10
177.295049
20
487.146980
70
0
0
VERTEX
8
Layer 1
10
177.253630
20
487.400914
70
0
0
SEQEND
8
Layer 1
0
POLYLINE
8
Layer 1
62
7
70
0
10
0.000000
20
0.000000
66
1
0
VERTEX
8
Layer 1
10
177.253630
20
487.400914
70
0
0
VERTEX
8
Layer 1
10
177.240252
20
487.657539
70
0
0
SEQEND
8
Layer 1
0
POLYLINE
8
Layer 1
62
7
70
0
10
0.000000
20
0.000000
66
1
0
VERTEX
8
Layer 1
10
177.240252
20
487.657539
70
0
0
VERTEX
8
Layer 1
10
177.252807
20
487.911559
70
0
0
SEQEND
8
Layer 1
0
POLYLINE
8
Layer 1
62
7
70
0
10
0.000000
20
0.000000
66
1
0
VERTEX
8
Layer 1
10
177.252807
20
487.911559
70
0
0
VERTEX
8
Layer 1
10
177.293409
20
488.165625
70
0
0
SEQEND
8
Layer 1
0
POLYLINE
8
Layer 1
62
7
70
0
10
0.000000
20
0.000000
66
1
0
VERTEX
8
Layer 1
10
177.293409
20
488.165625
70
0
0
VERTEX
8
Layer 1
10
177.359154
20
488.414439
70
0
0
SEQEND
8
Layer 1
0
POLYLINE
8
Layer 1
62
7
70
0
10
0.000000
20
0.000000
66
1
0
VERTEX
8
Layer 1
10
177.359154
20
488.414439
70
0
0
VERTEX
8
Layer 1
10
177.450576
20
488.655358
70
0
0
SEQEND
8
Layer 1
0
POLYLINE
8
Layer 1
62
7
70
0
10
0.000000
20
0.000000
66
1
0
VERTEX
8
Layer 1
10
177.450576
20
488.655358
70
0
0
VERTEX
8
Layer 1
10
177.566361
20
488.883086
70
0
0
SEQEND
8
Layer 1
0
POLYLINE
8
Layer 1
62
7
70
0
10
0.000000
20
0.000000
66
1
0
VERTEX
8
Layer 1
10
177.566361
20
488.883086
70
0
0
VERTEX
8
Layer 1
10
177.705981
20
489.097624
70
0
0
SEQEND
8
Layer 1
0
POLYLINE
8
Layer 1
62
7
70
0
10
0.000000
20
0.000000
66
1
0
VERTEX
8
Layer 1
10
177.705981
20
489.097624
70
0
0
VERTEX
8
Layer 1
10
177.866527
20
489.296320
70
0
0
SEQEND
8
Layer 1
0
POLYLINE
8
Layer 1
62
7
70
0
10
0.000000
20
0.000000
66
1
0
VERTEX
8
Layer 1
10
177.866527
20
489.296320
70
0
0
VERTEX
8
Layer 1
10
178.048266
20
489.479176
70
0
0
SEQEND
8
Layer 1
0
POLYLINE
8
Layer 1
62
7
70
0
10
0.000000
20
0.000000
66
1
0
VERTEX
8
Layer 1
10
178.048266
20
489.479176
70
0
0
VERTEX
8
Layer 1
10
178.246973
20
489.640892
70
0
0
SEQEND
8
Layer 1
0
POLYLINE
8
Layer 1
62
7
70
0
10
0.000000
20
0.000000
66
1
0
VERTEX
8
Layer 1
10
178.246973
20
489.640892
70
0
0
VERTEX
8
Layer 1
10
178.461853
20
489.781468
70
0
0
SEQEND
8
Layer 1
0
POLYLINE
8
Layer 1
62
7
70
0
10
0.000000
20
0.000000
66
1
0
VERTEX
8
Layer 1
10
178.461853
20
489.781468
70
0
0
VERTEX
8
Layer 1
10
178.689736
20
489.898251
70
0
0
SEQEND
8
Layer 1
0
POLYLINE
8
Layer 1
62
7
70
0
10
0.000000
20
0.000000
66
1
0
VERTEX
8
Layer 1
10
178.689736
20
489.898251
70
0
0
VERTEX
8
Layer 1
10
178.929568
20
489.988596
70
0
0
SEQEND
8
Layer 1
0
POLYLINE
8
Layer 1
62
7
70
0
10
0.000000
20
0.000000
66
1
0
VERTEX
8
Layer 1
10
178.929568
20
489.988596
70
0
0
VERTEX
8
Layer 1
10
179.177376
20
490.055141
70
0
0
SEQEND
8
Layer 1
0
POLYLINE
8
Layer 1
62
7
70
0
10
0.000000
20
0.000000
66
1
0
VERTEX
8
Layer 1
10
179.177376
20
490.055141
70
0
0
VERTEX
8
Layer 1
10
179.430249
20
490.097882
70
0
0
SEQEND
8
Layer 1
0
POLYLINE
8
Layer 1
62
7
70
0
10
0.000000
20
0.000000
66
1
0
VERTEX
8
Layer 1
10
179.430249
20
490.097882
70
0
0
VERTEX
8
Layer 1
10
179.686344
20
490.111524
70
0
0
SEQEND
8
Layer 1
0
POLYLINE
8
Layer 1
62
7
70
0
10
0.000000
20
0.000000
66
1
0
VERTEX
8
Layer 1
10
179.686344
20
490.111524
70
0
0
VERTEX
8
Layer 1
10
179.942217
20
490.098707
70
0
0
SEQEND
8
Layer 1
0
POLYLINE
8
Layer 1
62
7
70
0
10
0.000000
20
0.000000
66
1
0
VERTEX
8
Layer 1
10
179.942217
20
490.098707
70
0
0
VERTEX
8
Layer 1
10
180.195491
20
490.056781
70
0
0
SEQEND
8
Layer 1
0
POLYLINE
8
Layer 1
62
7
70
0
10
0.000000
20
0.000000
66
1
0
VERTEX
8
Layer 1
10
180.195491
20
490.056781
70
0
0
VERTEX
8
Layer 1
10
180.443512
20
489.991035
70
0
0
SEQEND
8
Layer 1
0
POLYLINE
8
Layer 1
62
7
70
0
10
0.000000
20
0.000000
66
1
0
VERTEX
8
Layer 1
10
180.443512
20
489.991035
70
0
0
VERTEX
8
Layer 1
10
180.683633
20
489.901463
70
0
0
SEQEND
8
Layer 1
0
POLYLINE
8
Layer 1
62
7
70
0
10
0.000000
20
0.000000
66
1
0
VERTEX
8
Layer 1
10
180.683633
20
489.901463
70
0
0
VERTEX
8
Layer 1
10
180.911892
20
489.785414
70
0
0
SEQEND
8
Layer 1
0
POLYLINE
8
Layer 1
62
7
70
0
10
0.000000
20
0.000000
66
1
0
VERTEX
8
Layer 1
10
180.911892
20
489.785414
70
0
0
VERTEX
8
Layer 1
10
181.126959
20
489.645531
70
0
0
SEQEND
8
Layer 1
0
POLYLINE
8
Layer 1
62
7
70
0
10
0.000000
20
0.000000
66
1
0
VERTEX
8
Layer 1
10
181.126959
20
489.645531
70
0
0
VERTEX
8
Layer 1
10
181.326185
20
489.484456
70
0
0
SEQEND
8
Layer 1
0
POLYLINE
8
Layer 1
62
7
70
0
10
0.000000
20
0.000000
66
1
0
VERTEX
8
Layer 1
10
181.326185
20
489.484456
70
0
0
VERTEX
8
Layer 1
10
181.508512
20
489.302187
70
0
0
SEQEND
8
Layer 1
0
POLYLINE
8
Layer 1
62
7
70
0
10
0.000000
20
0.000000
66
1
0
VERTEX
8
Layer 1
10
181.508512
20
489.302187
70
0
0
VERTEX
8
Layer 1
10
181.669963
20
489.104009
70
0
0
SEQEND
8
Layer 1
0
POLYLINE
8
Layer 1
62
7
70
0
10
0.000000
20
0.000000
66
1
0
VERTEX
8
Layer 1
10
181.669963
20
489.104009
70
0
0
VERTEX
8
Layer 1
10
181.810273
20
488.889923
70
0
0
SEQEND
8
Layer 1
0
POLYLINE
8
Layer 1
62
7
70
0
10
0.000000
20
0.000000
66
1
0
VERTEX
8
Layer 1
10
181.810273
20
488.889923
70
0
0
VERTEX
8
Layer 1
10
181.926527
20
488.662568
70
0
0
SEQEND
8
Layer 1
0
POLYLINE
8
Layer 1
62
7
70
0
10
0.000000
20
0.000000
66
1
0
VERTEX
8
Layer 1
10
181.926527
20
488.662568
70
0
0
VERTEX
8
Layer 1
10
182.018989
20
488.421946
70
0
0
SEQEND
8
Layer 1
0
POLYLINE
8
Layer 1
62
7
70
0
10
0.000000
20
0.000000
66
1
0
VERTEX
8
Layer 1
10
182.018989
20
488.421946
70
0
0
VERTEX
8
Layer 1
10
182.085536
20
488.173344
70
0
0
SEQEND
8
Layer 1
0
POLYLINE
8
Layer 1
62
7
70
0
10
0.000000
20
0.000000
66
1
0
VERTEX
8
Layer 1
10
182.085536
20
488.173344
70
0
0
VERTEX
8
Layer 1
10
182.126955
20
487.919411
70
0
0
SEQEND
8
Layer 1
0
POLYLINE
8
Layer 1
62
7
70
0
10
0.000000
20
0.000000
66
1
0
VERTEX
8
Layer 1
10
182.126955
20
487.919411
70
0
0
VERTEX
8
Layer 1
10
182.140329
20
487.665432
70
0
0
SEQEND
8
Layer 1
0
POLYLINE
8
Layer 1
62
7
70
0
10
0.000000
20
0.000000
66
1
0
VERTEX
8
Layer 1
10
182.140329
20
487.665432
70
0
0
VERTEX
8
Layer 1
10
182.127778
20
487.408766
70
0
0
SEQEND
8
Layer 1
0
POLYLINE
8
Layer 1
62
7
70
0
10
0.000000
20
0.000000
66
1
0
VERTEX
8
Layer 1
10
182.127778
20
487.408766
70
0
0
VERTEX
8
Layer 1
10
182.087177
20
487.154700
70
0
0
SEQEND
8
Layer 1
0
POLYLINE
8
Layer 1
62
7
70
0
10
0.000000
20
0.000000
66
1
0
VERTEX
8
Layer 1
10
182.087177
20
487.154700
70
0
0
VERTEX
8
Layer 1
10
182.021427
20
486.908531
70
0
0
SEQEND
8
Layer 1
0
POLYLINE
8
Layer 1
62
7
70
0
10
0.000000
20
0.000000
66
1
0
VERTEX
8
Layer 1
10
182.021427
20
486.908531
70
0
0
VERTEX
8
Layer 1
10
181.929740
20
486.667612
70
0
0
SEQEND
8
Layer 1
0
POLYLINE
8
Layer 1
62
7
70
0
10
0.000000
20
0.000000
66
1
0
VERTEX
8
Layer 1
10
181.929740
20
486.667612
70
0
0
VERTEX
8
Layer 1
10
181.814219
20
486.439884
70
0
0
SEQEND
8
Layer 1
0
POLYLINE
8
Layer 1
62
7
70
0
10
0.000000
20
0.000000
66
1
0
VERTEX
8
Layer 1
10
181.814219
20
486.439884
70
0
0
VERTEX
8
Layer 1
10
181.674605
20
486.222701
70
0
0
SEQEND
8
Layer 1
0
POLYLINE
8
Layer 1
62
7
70
0
10
0.000000
20
0.000000
66
1
0
VERTEX
8
Layer 1
10
181.674605
20
486.222701
70
0
0
VERTEX
8
Layer 1
10
181.513793
20
486.024004
70
0
0
SEQEND
8
Layer 1
0
POLYLINE
8
Layer 1
62
7
70
0
10
0.000000
20
0.000000
66
1
0
VERTEX
8
Layer 1
10
181.513793
20
486.024004
70
0
0
VERTEX
8
Layer 1
10
181.332054
20
485.841148
70
0
0
SEQEND
8
Layer 1
0
POLYLINE
8
Layer 1
62
7
70
0
10
0.000000
20
0.000000
66
1
0
VERTEX
8
Layer 1
10
181.332054
20
485.841148
70
0
0
VERTEX
8
Layer 1
10
181.133343
20
485.682078
70
0
0
SEQEND
8
Layer 1
0
POLYLINE
8
Layer 1
62
7
70
0
10
0.000000
20
0.000000
66
1
0
VERTEX
8
Layer 1
10
181.133343
20
485.682078
70
0
0
VERTEX
8
Layer 1
10
180.918728
20
485.541503
70
0
0
SEQEND
8
Layer 1
0
POLYLINE
8
Layer 1
62
7
70
0
10
0.000000
20
0.000000
66
1
0
VERTEX
8
Layer 1
10
180.918728
20
485.541503
70
0
0
VERTEX
8
Layer 1
10
180.690845
20
485.424719
70
0
0
SEQEND
8
Layer 1
0
POLYLINE
8
Layer 1
62
7
70
0
10
0.000000
20
0.000000
66
1
0
VERTEX
8
Layer 1
10
180.690845
20
485.424719
70
0
0
VERTEX
8
Layer 1
10
180.451017
20
485.331728
70
0
0
SEQEND
8
Layer 1
0
POLYLINE
8
Layer 1
62
7
70
0
10
0.000000
20
0.000000
66
1
0
VERTEX
8
Layer 1
10
180.451017
20
485.331728
70
0
0
VERTEX
8
Layer 1
10
180.203210
20
485.265183
70
0
0
SEQEND
8
Layer 1
0
POLYLINE
8
Layer 1
62
7
70
0
10
0.000000
20
0.000000
66
1
0
VERTEX
8
Layer 1
10
180.203210
20
485.265183
70
0
0
VERTEX
8
Layer 1
10
179.950068
20
485.225088
70
0
0
SEQEND
8
Layer 1
0
POLYLINE
8
Layer 1
62
7
70
0
10
0.000000
20
0.000000
66
1
0
VERTEX
8
Layer 1
10
179.950068
20
485.225088
70
0
0
VERTEX
8
Layer 1
10
179.694237
20
485.211447
70
0
0
SEQEND
8
Layer 1
0
POLYLINE
8
Layer 1
62
7
70
0
10
0.000000
20
0.000000
66
1
0
VERTEX
8
Layer 1
10
179.694237
20
485.211447
70
0
0
VERTEX
8
Layer 1
10
179.438100
20
485.224263
70
0
0
SEQEND
8
Layer 1
0
POLYLINE
8
Layer 1
62
7
70
0
10
0.000000
20
0.000000
66
1
0
VERTEX
8
Layer 1
10
218.814135
20
372.467023
70
0
0
VERTEX
8
Layer 1
10
218.814135
20
366.467022
70
0
0
SEQEND
8
Layer 1
0
POLYLINE
8
Layer 1
62
7
70
0
10
0.000000
20
0.000000
66
1
0
VERTEX
8
Layer 1
10
218.814135
20
366.467022
70
0
0
VERTEX
8
Layer 1
10
222.814101
20
366.467022
70
0
0
SEQEND
8
Layer 1
0
POLYLINE
8
Layer 1
62
7
70
0
10
0.000000
20
0.000000
66
1
0
VERTEX
8
Layer 1
10
222.814101
20
366.467022
70
0
0
VERTEX
8
Layer 1
10
222.814101
20
360.467020
70
0
0
SEQEND
8
Layer 1
0
POLYLINE
8
Layer 1
62
7
70
0
10
0.000000
20
0.000000
66
1
0
VERTEX
8
Layer 1
10
222.814101
20
360.467020
70
0
0
VERTEX
8
Layer 1
10
218.814135
20
360.467020
70
0
0
SEQEND
8
Layer 1
0
POLYLINE
8
Layer 1
62
7
70
0
10
0.000000
20
0.000000
66
1
0
VERTEX
8
Layer 1
10
218.814135
20
360.467020
70
0
0
VERTEX
8
Layer 1
10
218.814135
20
354.466992
70
0
0
SEQEND
8
Layer 1
0
POLYLINE
8
Layer 1
62
7
70
0
10
0.000000
20
0.000000
66
1
0
VERTEX
8
Layer 1
10
218.814135
20
354.466992
70
0
0
VERTEX
8
Layer 1
10
222.814101
20
354.466992
70
0
0
SEQEND
8
Layer 1
0
POLYLINE
8
Layer 1
62
7
70
0
10
0.000000
20
0.000000
66
1
0
VERTEX
8
Layer 1
10
222.814101
20
354.466992
70
0
0
VERTEX
8
Layer 1
10
222.814101
20
348.467043
70
0
0
SEQEND
8
Layer 1
0
POLYLINE
8
Layer 1
62
7
70
0
10
0.000000
20
0.000000
66
1
0
VERTEX
8
Layer 1
10
222.814101
20
348.467043
70
0
0
VERTEX
8
Layer 1
10
218.814135
20
348.467043
70
0
0
SEQEND
8
Layer 1
0
POLYLINE
8
Layer 1
62
7
70
0
10
0.000000
20
0.000000
66
1
0
VERTEX
8
Layer 1
10
218.814135
20
348.467043
70
0
0
VERTEX
8
Layer 1
10
218.814135
20
342.467095
70
0
0
SEQEND
8
Layer 1
0
POLYLINE
8
Layer 1
62
7
70
0
10
0.000000
20
0.000000
66
1
0
VERTEX
8
Layer 1
10
218.814135
20
342.467095
70
0
0
VERTEX
8
Layer 1
10
222.814101
20
342.467095
70
0
0
SEQEND
8
Layer 1
0
POLYLINE
8
Layer 1
62
7
70
0
10
0.000000
20
0.000000
66
1
0
VERTEX
8
Layer 1
10
222.814101
20
342.467095
70
0
0
VERTEX
8
Layer 1
10
222.814101
20
336.467146
70
0
0
SEQEND
8
Layer 1
0
POLYLINE
8
Layer 1
62
7
70
0
10
0.000000
20
0.000000
66
1
0
VERTEX
8
Layer 1
10
222.814101
20
336.467146
70
0
0
VERTEX
8
Layer 1
10
218.814135
20
336.467146
70
0
0
SEQEND
8
Layer 1
0
POLYLINE
8
Layer 1
62
7
70
0
10
0.000000
20
0.000000
66
1
0
VERTEX
8
Layer 1
10
218.814135
20
336.467146
70
0
0
VERTEX
8
Layer 1
10
218.814135
20
330.467197
70
0
0
SEQEND
8
Layer 1
0
POLYLINE
8
Layer 1
62
7
70
0
10
0.000000
20
0.000000
66
1
0
VERTEX
8
Layer 1
10
218.814135
20
330.467197
70
0
0
VERTEX
8
Layer 1
10
222.814101
20
330.467197
70
0
0
SEQEND
8
Layer 1
0
POLYLINE
8
Layer 1
62
7
70
0
10
0.000000
20
0.000000
66
1
0
VERTEX
8
Layer 1
10
222.814101
20
330.467197
70
0
0
VERTEX
8
Layer 1
10
222.814101
20
324.466984
70
0
0
SEQEND
8
Layer 1
0
POLYLINE
8
Layer 1
62
7
70
0
10
0.000000
20
0.000000
66
1
0
VERTEX
8
Layer 1
10
222.814101
20
324.466984
70
0
0
VERTEX
8
Layer 1
10
218.814135
20
324.466984
70
0
0
SEQEND
8
Layer 1
0
POLYLINE
8
Layer 1
62
7
70
0
10
0.000000
20
0.000000
66
1
0
VERTEX
8
Layer 1
10
218.814135
20
324.466984
70
0
0
VERTEX
8
Layer 1
10
218.814135
20
318.467035
70
0
0
SEQEND
8
Layer 1
0
POLYLINE
8
Layer 1
62
7
70
0
10
0.000000
20
0.000000
66
1
0
VERTEX
8
Layer 1
10
218.814135
20
318.467035
70
0
0
VERTEX
8
Layer 1
10
222.814101
20
318.467035
70
0
0
SEQEND
8
Layer 1
0
POLYLINE
8
Layer 1
62
7
70
0
10
0.000000
20
0.000000
66
1
0
VERTEX
8
Layer 1
10
222.814101
20
318.467035
70
0
0
VERTEX
8
Layer 1
10
222.814101
20
312.467087
70
0
0
SEQEND
8
Layer 1
0
POLYLINE
8
Layer 1
62
7
70
0
10
0.000000
20
0.000000
66
1
0
VERTEX
8
Layer 1
10
222.814101
20
312.467087
70
0
0
VERTEX
8
Layer 1
10
201.147134
20
312.467087
70
0
0
SEQEND
8
Layer 1
0
POLYLINE
8
Layer 1
62
7
70
0
10
0.000000
20
0.000000
66
1
0
VERTEX
8
Layer 1
10
201.147134
20
312.467087
70
0
0
VERTEX
8
Layer 1
10
201.147134
20
308.467121
70
0
0
SEQEND
8
Layer 1
0
POLYLINE
8
Layer 1
62
7
70
0
10
0.000000
20
0.000000
66
1
0
VERTEX
8
Layer 1
10
201.147134
20
308.467121
70
0
0
VERTEX
8
Layer 1
10
183.481192
20
308.467121
70
0
0
SEQEND
8
Layer 1
0
POLYLINE
8
Layer 1
62
7
70
0
10
0.000000
20
0.000000
66
1
0
VERTEX
8
Layer 1
10
183.481192
20
308.467121
70
0
0
VERTEX
8
Layer 1
10
183.481192
20
312.467087
70
0
0
SEQEND
8
Layer 1
0
POLYLINE
8
Layer 1
62
7
70
0
10
0.000000
20
0.000000
66
1
0
VERTEX
8
Layer 1
10
183.481192
20
312.467087
70
0
0
VERTEX
8
Layer 1
10
165.814191
20
312.467087
70
0
0
SEQEND
8
Layer 1
0
POLYLINE
8
Layer 1
62
7
70
0
10
0.000000
20
0.000000
66
1
0
VERTEX
8
Layer 1
10
165.814191
20
312.467087
70
0
0
VERTEX
8
Layer 1
10
165.814191
20
308.467121
70
0
0
SEQEND
8
Layer 1
0
POLYLINE
8
Layer 1
62
7
70
0
10
0.000000
20
0.000000
66
1
0
VERTEX
8
Layer 1
10
165.814191
20
308.467121
70
0
0
VERTEX
8
Layer 1
10
148.147191
20
308.467121
70
0
0
SEQEND
8
Layer 1
0
POLYLINE
8
Layer 1
62
7
70
0
10
0.000000
20
0.000000
66
1
0
VERTEX
8
Layer 1
10
148.147191
20
308.467121
70
0
0
VERTEX
8
Layer 1
10
148.147191
20
312.467087
70
0
0
SEQEND
8
Layer 1
0
POLYLINE
8
Layer 1
62
7
70
0
10
0.000000
20
0.000000
66
1
0
VERTEX
8
Layer 1
10
148.147191
20
312.467087
70
0
0
VERTEX
8
Layer 1
10
130.481248
20
312.467087
70
0
0
SEQEND
8
Layer 1
0
POLYLINE
8
Layer 1
62
7
70
0
10
0.000000
20
0.000000
66
1
0
VERTEX
8
Layer 1
10
130.481248
20
312.467087
70
0
0
VERTEX
8
Layer 1
10
130.481248
20
308.467121
70
0
0
SEQEND
8
Layer 1
0
POLYLINE
8
Layer 1
62
7
70
0
10
0.000000
20
0.000000
66
1
0
VERTEX
8
Layer 1
10
130.481248
20
308.467121
70
0
0
VERTEX
8
Layer 1
10
112.814248
20
308.467121
70
0
0
SEQEND
8
Layer 1
0
POLYLINE
8
Layer 1
62
7
70
0
10
0.000000
20
0.000000
66
1
0
VERTEX
8
Layer 1
10
112.814248
20
308.467121
70
0
0
VERTEX
8
Layer 1
10
112.814248
20
312.467087
70
0
0
SEQEND
8
Layer 1
0
POLYLINE
8
Layer 1
62
7
70
0
10
0.000000
20
0.000000
66
1
0
VERTEX
8
Layer 1
10
112.814248
20
312.467087
70
0
0
VERTEX
8
Layer 1
10
95.147247
20
312.467087
70
0
0
SEQEND
8
Layer 1
0
POLYLINE
8
Layer 1
62
7
70
0
10
0.000000
20
0.000000
66
1
0
VERTEX
8
Layer 1
10
95.147247
20
312.467087
70
0
0
VERTEX
8
Layer 1
10
95.147247
20
308.467121
70
0
0
SEQEND
8
Layer 1
0
POLYLINE
8
Layer 1
62
7
70
0
10
0.000000
20
0.000000
66
1
0
VERTEX
8
Layer 1
10
95.147247
20
308.467121
70
0
0
VERTEX
8
Layer 1
10
77.481040
20
308.467121
70
0
0
SEQEND
8
Layer 1
0
POLYLINE
8
Layer 1
62
7
70
0
10
0.000000
20
0.000000
66
1
0
VERTEX
8
Layer 1
10
77.481040
20
308.467121
70
0
0
VERTEX
8
Layer 1
10
77.481040
20
312.467087
70
0
0
SEQEND
8
Layer 1
0
POLYLINE
8
Layer 1
62
7
70
0
10
0.000000
20
0.000000
66
1
0
VERTEX
8
Layer 1
10
77.481040
20
312.467087
70
0
0
VERTEX
8
Layer 1
10
59.814833
20
312.467087
70
0
0
SEQEND
8
Layer 1
0
POLYLINE
8
Layer 1
62
7
70
0
10
0.000000
20
0.000000
66
1
0
VERTEX
8
Layer 1
10
59.814833
20
312.467087
70
0
0
VERTEX
8
Layer 1
10
59.814833
20
308.467121
70
0
0
SEQEND
8
Layer 1
0
POLYLINE
8
Layer 1
62
7
70
0
10
0.000000
20
0.000000
66
1
0
VERTEX
8
Layer 1
10
59.814833
20
308.467121
70
0
0
VERTEX
8
Layer 1
10
42.148626
20
308.467121
70
0
0
SEQEND
8
Layer 1
0
POLYLINE
8
Layer 1
62
7
70
0
10
0.000000
20
0.000000
66
1
0
VERTEX
8
Layer 1
10
42.148626
20
308.467121
70
0
0
VERTEX
8
Layer 1
10
42.148626
20
312.467087
70
0
0
SEQEND
8
Layer 1
0
POLYLINE
8
Layer 1
62
7
70
0
10
0.000000
20
0.000000
66
1
0
VERTEX
8
Layer 1
10
42.148626
20
312.467087
70
0
0
VERTEX
8
Layer 1
10
24.482419
20
312.467087
70
0
0
SEQEND
8
Layer 1
0
POLYLINE
8
Layer 1
62
7
70
0
10
0.000000
20
0.000000
66
1
0
VERTEX
8
Layer 1
10
24.482419
20
312.467087
70
0
0
VERTEX
8
Layer 1
10
24.482419
20
308.467121
70
0
0
SEQEND
8
Layer 1
0
POLYLINE
8
Layer 1
62
7
70
0
10
0.000000
20
0.000000
66
1
0
VERTEX
8
Layer 1
10
24.482419
20
308.467121
70
0
0
VERTEX
8
Layer 1
10
6.813567
20
308.467121
70
0
0
SEQEND
8
Layer 1
0
POLYLINE
8
Layer 1
62
7
70
0
10
0.000000
20
0.000000
66
1
0
VERTEX
8
Layer 1
10
6.813567
20
308.467121
70
0
0
VERTEX
8
Layer 1
10
6.813567
20
312.467087
70
0
0
SEQEND
8
Layer 1
0
POLYLINE
8
Layer 1
62
7
70
0
10
0.000000
20
0.000000
66
1
0
VERTEX
8
Layer 1
10
6.813567
20
312.467087
70
0
0
VERTEX
8
Layer 1
10
2.815717
20
312.467087
70
0
0
SEQEND
8
Layer 1
0
POLYLINE
8
Layer 1
62
7
70
0
10
0.000000
20
0.000000
66
1
0
VERTEX
8
Layer 1
10
2.815717
20
312.467087
70
0
0
VERTEX
8
Layer 1
10
2.815717
20
318.467035
70
0
0
SEQEND
8
Layer 1
0
POLYLINE
8
Layer 1
62
7
70
0
10
0.000000
20
0.000000
66
1
0
VERTEX
8
Layer 1
10
2.815717
20
318.467035
70
0
0
VERTEX
8
Layer 1
10
6.813567
20
318.467035
70
0
0
SEQEND
8
Layer 1
0
POLYLINE
8
Layer 1
62
7
70
0
10
0.000000
20
0.000000
66
1
0
VERTEX
8
Layer 1
10
6.813567
20
318.467035
70
0
0
VERTEX
8
Layer 1
10
6.813567
20
324.466984
70
0
0
SEQEND
8
Layer 1
0
POLYLINE
8
Layer 1
62
7
70
0
10
0.000000
20
0.000000
66
1
0
VERTEX
8
Layer 1
10
6.813567
20
324.466984
70
0
0
VERTEX
8
Layer 1
10
2.815717
20
324.466984
70
0
0
SEQEND
8
Layer 1
0
POLYLINE
8
Layer 1
62
7
70
0
10
0.000000
20
0.000000
66
1
0
VERTEX
8
Layer 1
10
2.815717
20
324.466984
70
0
0
VERTEX
8
Layer 1
10
2.815717
20
330.467197
70
0
0
SEQEND
8
Layer 1
0
POLYLINE
8
Layer 1
62
7
70
0
10
0.000000
20
0.000000
66
1
0
VERTEX
8
Layer 1
10
2.815717
20
330.467197
70
0
0
VERTEX
8
Layer 1
10
6.813567
20
330.467197
70
0
0
SEQEND
8
Layer 1
0
POLYLINE
8
Layer 1
62
7
70
0
10
0.000000
20
0.000000
66
1
0
VERTEX
8
Layer 1
10
6.813567
20
330.467197
70
0
0
VERTEX
8
Layer 1
10
6.813567
20
336.467146
70
0
0
SEQEND
8
Layer 1
0
POLYLINE
8
Layer 1
62
7
70
0
10
0.000000
20
0.000000
66
1
0
VERTEX
8
Layer 1
10
6.813567
20
336.467146
70
0
0
VERTEX
8
Layer 1
10
2.815717
20
336.467146
70
0
0
SEQEND
8
Layer 1
0
POLYLINE
8
Layer 1
62
7
70
0
10
0.000000
20
0.000000
66
1
0
VERTEX
8
Layer 1
10
2.815717
20
336.467146
70
0
0
VERTEX
8
Layer 1
10
2.815717
20
342.467095
70
0
0
SEQEND
8
Layer 1
0
POLYLINE
8
Layer 1
62
7
70
0
10
0.000000
20
0.000000
66
1
0
VERTEX
8
Layer 1
10
2.815717
20
342.467095
70
0
0
VERTEX
8
Layer 1
10
6.813567
20
342.467095
70
0
0
SEQEND
8
Layer 1
0
POLYLINE
8
Layer 1
62
7
70
0
10
0.000000
20
0.000000
66
1
0
VERTEX
8
Layer 1
10
6.813567
20
342.467095
70
0
0
VERTEX
8
Layer 1
10
6.813567
20
348.467043
70
0
0
SEQEND
8
Layer 1
0
POLYLINE
8
Layer 1
62
7
70
0
10
0.000000
20
0.000000
66
1
0
VERTEX
8
Layer 1
10
6.813567
20
348.467043
70
0
0
VERTEX
8
Layer 1
10
2.815717
20
348.467043
70
0
0
SEQEND
8
Layer 1
0
POLYLINE
8
Layer 1
62
7
70
0
10
0.000000
20
0.000000
66
1
0
VERTEX
8
Layer 1
10
2.815717
20
348.467043
70
0
0
VERTEX
8
Layer 1
10
2.815717
20
354.466992
70
0
0
SEQEND
8
Layer 1
0
POLYLINE
8
Layer 1
62
7
70
0
10
0.000000
20
0.000000
66
1
0
VERTEX
8
Layer 1
10
2.815717
20
354.466992
70
0
0
VERTEX
8
Layer 1
10
6.813567
20
354.466992
70
0
0
SEQEND
8
Layer 1
0
POLYLINE
8
Layer 1
62
7
70
0
10
0.000000
20
0.000000
66
1
0
VERTEX
8
Layer 1
10
6.813567
20
354.466992
70
0
0
VERTEX
8
Layer 1
10
6.813567
20
360.467020
70
0
0
SEQEND
8
Layer 1
0
POLYLINE
8
Layer 1
62
7
70
0
10
0.000000
20
0.000000
66
1
0
VERTEX
8
Layer 1
10
6.813567
20
360.467020
70
0
0
VERTEX
8
Layer 1
10
2.815717
20
360.467020
70
0
0
SEQEND
8
Layer 1
0
POLYLINE
8
Layer 1
62
7
70
0
10
0.000000
20
0.000000
66
1
0
VERTEX
8
Layer 1
10
2.815717
20
360.467020
70
0
0
VERTEX
8
Layer 1
10
2.815717
20
366.467022
70
0
0
SEQEND
8
Layer 1
0
POLYLINE
8
Layer 1
62
7
70
0
10
0.000000
20
0.000000
66
1
0
VERTEX
8
Layer 1
10
2.815717
20
366.467022
70
0
0
VERTEX
8
Layer 1
10
6.813567
20
366.467022
70
0
0
SEQEND
8
Layer 1
0
POLYLINE
8
Layer 1
62
7
70
0
10
0.000000
20
0.000000
66
1
0
VERTEX
8
Layer 1
10
6.813567
20
366.467022
70
0
0
VERTEX
8
Layer 1
10
6.813567
20
372.467023
70
0
0
SEQEND
8
Layer 1
0
POLYLINE
8
Layer 1
62
7
70
0
10
0.000000
20
0.000000
66
1
0
VERTEX
8
Layer 1
10
6.813567
20
372.467023
70
0
0
VERTEX
8
Layer 1
10
2.815717
20
372.467023
70
0
0
SEQEND
8
Layer 1
0
POLYLINE
8
Layer 1
62
7
70
0
10
0.000000
20
0.000000
66
1
0
VERTEX
8
Layer 1
10
2.815717
20
372.467023
70
0
0
VERTEX
8
Layer 1
10
2.815717
20
378.466998
70
0
0
SEQEND
8
Layer 1
0
POLYLINE
8
Layer 1
62
7
70
0
10
0.000000
20
0.000000
66
1
0
VERTEX
8
Layer 1
10
2.815717
20
378.466998
70
0
0
VERTEX
8
Layer 1
10
6.813567
20
378.466998
70
0
0
SEQEND
8
Layer 1
0
POLYLINE
8
Layer 1
62
7
70
0
10
0.000000
20
0.000000
66
1
0
VERTEX
8
Layer 1
10
6.813567
20
378.466998
70
0
0
VERTEX
8
Layer 1
10
6.813567
20
388.466992
70
0
0
SEQEND
8
Layer 1
0
POLYLINE
8
Layer 1
62
7
70
0
10
0.000000
20
0.000000
66
1
0
VERTEX
8
Layer 1
10
6.813567
20
388.466992
70
0
0
VERTEX
8
Layer 1
10
24.482419
20
388.466992
70
0
0
SEQEND
8
Layer 1
0
POLYLINE
8
Layer 1
62
7
70
0
10
0.000000
20
0.000000
66
1
0
VERTEX
8
Layer 1
10
24.482419
20
388.466992
70
0
0
VERTEX
8
Layer 1
10
24.482419
20
384.467000
70
0
0
SEQEND
8
Layer 1
0
POLYLINE
8
Layer 1
62
7
70
0
10
0.000000
20
0.000000
66
1
0
VERTEX
8
Layer 1
10
24.482419
20
384.467000
70
0
0
VERTEX
8
Layer 1
10
42.148626
20
384.467000
70
0
0
SEQEND
8
Layer 1
0
POLYLINE
8
Layer 1
62
7
70
0
10
0.000000
20
0.000000
66
1
0
VERTEX
8
Layer 1
10
42.148626
20
384.467000
70
0
0
VERTEX
8
Layer 1
10
42.148626
20
388.466992
70
0
0
SEQEND
8
Layer 1
0
POLYLINE
8
Layer 1
62
7
70
0
10
0.000000
20
0.000000
66
1
0
VERTEX
8
Layer 1
10
42.148626
20
388.466992
70
0
0
VERTEX
8
Layer 1
10
59.814833
20
388.466992
70
0
0
SEQEND
8
Layer 1
0
POLYLINE
8
Layer 1
62
7
70
0
10
0.000000
20
0.000000
66
1
0
VERTEX
8
Layer 1
10
59.814833
20
388.466992
70
0
0
VERTEX
8
Layer 1
10
59.814833
20
384.467000
70
0
0
SEQEND
8
Layer 1
0
POLYLINE
8
Layer 1
62
7
70
0
10
0.000000
20
0.000000
66
1
0
VERTEX
8
Layer 1
10
59.814833
20
384.467000
70
0
0
VERTEX
8
Layer 1
10
77.481040
20
384.467000
70
0
0
SEQEND
8
Layer 1
0
POLYLINE
8
Layer 1
62
7
70
0
10
0.000000
20
0.000000
66
1
0
VERTEX
8
Layer 1
10
77.481040
20
384.467000
70
0
0
VERTEX
8
Layer 1
10
77.481040
20
388.466992
70
0
0
SEQEND
8
Layer 1
0
POLYLINE
8
Layer 1
62
7
70
0
10
0.000000
20
0.000000
66
1
0
VERTEX
8
Layer 1
10
77.481040
20
388.466992
70
0
0
VERTEX
8
Layer 1
10
95.147247
20
388.466992
70
0
0
SEQEND
8
Layer 1
0
POLYLINE
8
Layer 1
62
7
70
0
10
0.000000
20
0.000000
66
1
0
VERTEX
8
Layer 1
10
95.147247
20
388.466992
70
0
0
VERTEX
8
Layer 1
10
95.147247
20
384.467000
70
0
0
SEQEND
8
Layer 1
0
POLYLINE
8
Layer 1
62
7
70
0
10
0.000000
20
0.000000
66
1
0
VERTEX
8
Layer 1
10
95.147247
20
384.467000
70
0
0
VERTEX
8
Layer 1
10
112.814248
20
384.467000
70
0
0
SEQEND
8
Layer 1
0
POLYLINE
8
Layer 1
62
7
70
0
10
0.000000
20
0.000000
66
1
0
VERTEX
8
Layer 1
10
112.814248
20
384.467000
70
0
0
VERTEX
8
Layer 1
10
112.814248
20
388.466992
70
0
0
SEQEND
8
Layer 1
0
POLYLINE
8
Layer 1
62
7
70
0
10
0.000000
20
0.000000
66
1
0
VERTEX
8
Layer 1
10
112.814248
20
388.466992
70
0
0
VERTEX
8
Layer 1
10
130.481248
20
388.466992
70
0
0
SEQEND
8
Layer 1
0
POLYLINE
8
Layer 1
62
7
70
0
10
0.000000
20
0.000000
66
1
0
VERTEX
8
Layer 1
10
130.481248
20
388.466992
70
0
0
VERTEX
8
Layer 1
10
130.481248
20
384.467000
70
0
0
SEQEND
8
Layer 1
0
POLYLINE
8
Layer 1
62
7
70
0
10
0.000000
20
0.000000
66
1
0
VERTEX
8
Layer 1
10
130.481248
20
384.467000
70
0
0
VERTEX
8
Layer 1
10
148.147191
20
384.467000
70
0
0
SEQEND
8
Layer 1
0
POLYLINE
8
Layer 1
62
7
70
0
10
0.000000
20
0.000000
66
1
0
VERTEX
8
Layer 1
10
148.147191
20
384.467000
70
0
0
VERTEX
8
Layer 1
10
148.147191
20
388.466992
70
0
0
SEQEND
8
Layer 1
0
POLYLINE
8
Layer 1
62
7
70
0
10
0.000000
20
0.000000
66
1
0
VERTEX
8
Layer 1
10
148.147191
20
388.466992
70
0
0
VERTEX
8
Layer 1
10
165.814191
20
388.466992
70
0
0
SEQEND
8
Layer 1
0
POLYLINE
8
Layer 1
62
7
70
0
10
0.000000
20
0.000000
66
1
0
VERTEX
8
Layer 1
10
165.814191
20
388.466992
70
0
0
VERTEX
8
Layer 1
10
165.814191
20
384.467000
70
0
0
SEQEND
8
Layer 1
0
POLYLINE
8
Layer 1
62
7
70
0
10
0.000000
20
0.000000
66
1
0
VERTEX
8
Layer 1
10
165.814191
20
384.467000
70
0
0
VERTEX
8
Layer 1
10
183.481192
20
384.467000
70
0
0
SEQEND
8
Layer 1
0
POLYLINE
8
Layer 1
62
7
70
0
10
0.000000
20
0.000000
66
1
0
VERTEX
8
Layer 1
10
183.481192
20
384.467000
70
0
0
VERTEX
8
Layer 1
10
183.481192
20
388.466992
70
0
0
SEQEND
8
Layer 1
0
POLYLINE
8
Layer 1
62
7
70
0
10
0.000000
20
0.000000
66
1
0
VERTEX
8
Layer 1
10
183.481192
20
388.466992
70
0
0
VERTEX
8
Layer 1
10
201.147134
20
388.466992
70
0
0
SEQEND
8
Layer 1
0
POLYLINE
8
Layer 1
62
7
70
0
10
0.000000
20
0.000000
66
1
0
VERTEX
8
Layer 1
10
201.147134
20
388.466992
70
0
0
VERTEX
8
Layer 1
10
201.147134
20
384.467000
70
0
0
SEQEND
8
Layer 1
0
POLYLINE
8
Layer 1
62
7
70
0
10
0.000000
20
0.000000
66
1
0
VERTEX
8
Layer 1
10
201.147134
20
384.467000
70
0
0
VERTEX
8
Layer 1
10
218.814135
20
384.467000
70
0
0
SEQEND
8
Layer 1
0
POLYLINE
8
Layer 1
62
7
70
0
10
0.000000
20
0.000000
66
1
0
VERTEX
8
Layer 1
10
218.814135
20
384.467000
70
0
0
VERTEX
8
Layer 1
10
218.814135
20
378.466998
70
0
0
SEQEND
8
Layer 1
0
POLYLINE
8
Layer 1
62
7
70
0
10
0.000000
20
0.000000
66
1
0
VERTEX
8
Layer 1
10
218.814135
20
378.466998
70
0
0
VERTEX
8
Layer 1
10
222.814101
20
378.466998
70
0
0
SEQEND
8
Layer 1
0
POLYLINE
8
Layer 1
62
7
70
0
10
0.000000
20
0.000000
66
1
0
VERTEX
8
Layer 1
10
222.814101
20
378.466998
70
0
0
VERTEX
8
Layer 1
10
222.814101
20
372.467023
70
0
0
SEQEND
8
Layer 1
0
POLYLINE
8
Layer 1
62
7
70
0
10
0.000000
20
0.000000
66
1
0
VERTEX
8
Layer 1
10
222.814101
20
372.467023
70
0
0
VERTEX
8
Layer 1
10
218.814135
20
372.467023
70
0
0
SEQEND
8
Layer 1
0
POLYLINE
8
Layer 1
62
7
70
0
10
0.000000
20
0.000000
66
1
0
VERTEX
8
Layer 1
10
182.046318
20
572.366376
70
0
0
VERTEX
8
Layer 1
10
182.050739
20
572.347031
70
0
0
SEQEND
8
Layer 1
0
POLYLINE
8
Layer 1
62
7
70
0
10
0.000000
20
0.000000
66
1
0
VERTEX
8
Layer 1
10
182.050739
20
572.347031
70
0
0
VERTEX
8
Layer 1
10
181.953240
20
572.324749
70
0
0
SEQEND
8
Layer 1
0
POLYLINE
8
Layer 1
62
7
70
0
10
0.000000
20
0.000000
66
1
0
VERTEX
8
Layer 1
10
227.551346
20
592.350543
70
0
0
VERTEX
8
Layer 1
10
219.641522
20
592.300820
70
0
0
SEQEND
8
Layer 1
0
POLYLINE
8
Layer 1
62
7
70
0
10
0.000000
20
0.000000
66
1
0
VERTEX
8
Layer 1
10
219.541578
20
592.280350
70
0
0
VERTEX
8
Layer 1
10
219.731909
20
562.004954
70
0
0
SEQEND
8
Layer 1
0
POLYLINE
8
Layer 1
62
7
70
0
10
0.000000
20
0.000000
66
1
0
VERTEX
8
Layer 1
10
295.930714
20
532.198400
70
0
0
VERTEX
8
Layer 1
10
295.740326
20
562.482792
70
0
0
SEQEND
8
Layer 1
0
POLYLINE
8
Layer 1
62
7
70
0
10
0.000000
20
0.000000
66
1
0
VERTEX
8
Layer 1
10
295.740326
20
562.482792
70
0
0
VERTEX
8
Layer 1
10
291.750490
20
562.457709
70
0
0
SEQEND
8
Layer 1
0
POLYLINE
8
Layer 1
62
7
70
0
10
0.000000
20
0.000000
66
1
0
VERTEX
8
Layer 1
10
291.750490
20
562.457709
70
0
0
VERTEX
8
Layer 1
10
291.560159
20
592.733105
70
0
0
SEQEND
8
Layer 1
0
POLYLINE
8
Layer 1
62
7
70
0
10
0.000000
20
0.000000
66
1
0
VERTEX
8
Layer 1
10
291.560159
20
592.733105
70
0
0
VERTEX
8
Layer 1
10
291.540051
20
592.732979
70
0
0
SEQEND
8
Layer 1
0
POLYLINE
8
Layer 1
62
7
70
0
10
0.000000
20
0.000000
66
1
0
VERTEX
8
Layer 1
10
291.540051
20
592.732979
70
0
0
VERTEX
8
Layer 1
10
291.539926
20
592.752822
70
0
0
SEQEND
8
Layer 1
0
POLYLINE
8
Layer 1
62
7
70
0
10
0.000000
20
0.000000
66
1
0
VERTEX
8
Layer 1
10
291.539926
20
592.752822
70
0
0
VERTEX
8
Layer 1
10
283.550200
20
592.702594
70
0
0
SEQEND
8
Layer 1
0
POLYLINE
8
Layer 1
62
7
70
0
10
0.000000
20
0.000000
66
1
0
VERTEX
8
Layer 1
10
283.550200
20
592.702594
70
0
0
VERTEX
8
Layer 1
10
283.525117
20
596.692430
70
0
0
SEQEND
8
Layer 1
0
POLYLINE
8
Layer 1
62
7
70
0
10
0.000000
20
0.000000
66
1
0
VERTEX
8
Layer 1
10
283.525117
20
596.692430
70
0
0
VERTEX
8
Layer 1
10
275.525337
20
596.642138
70
0
0
SEQEND
8
Layer 1
0
POLYLINE
8
Layer 1
62
7
70
0
10
0.000000
20
0.000000
66
1
0
VERTEX
8
Layer 1
10
275.525337
20
596.642138
70
0
0
VERTEX
8
Layer 1
10
275.550419
20
592.652302
70
0
0
SEQEND
8
Layer 1
0
POLYLINE
8
Layer 1
62
7
70
0
10
0.000000
20
0.000000
66
1
0
VERTEX
8
Layer 1
10
275.550419
20
592.652302
70
0
0
VERTEX
8
Layer 1
10
267.550375
20
592.602008
70
0
0
SEQEND
8
Layer 1
0
POLYLINE
8
Layer 1
62
7
70
0
10
0.000000
20
0.000000
66
1
0
VERTEX
8
Layer 1
10
267.550375
20
592.602008
70
0
0
VERTEX
8
Layer 1
10
267.525292
20
596.591845
70
0
0
SEQEND
8
Layer 1
0
POLYLINE
8
Layer 1
62
7
70
0
10
0.000000
20
0.000000
66
1
0
VERTEX
8
Layer 1
10
267.525292
20
596.591845
70
0
0
VERTEX
8
Layer 1
10
259.525511
20
596.541553
70
0
0
SEQEND
8
Layer 1
0
POLYLINE
8
Layer 1
62
7
70
0
10
0.000000
20
0.000000
66
1
0
VERTEX
8
Layer 1
10
259.525511
20
596.541553
70
0
0
VERTEX
8
Layer 1
10
259.550594
20
592.551716
70
0
0
SEQEND
8
Layer 1
0
POLYLINE
8
Layer 1
62
7
70
0
10
0.000000
20
0.000000
66
1
0
VERTEX
8
Layer 1
10
259.550594
20
592.551716
70
0
0
VERTEX
8
Layer 1
10
251.550814
20
592.501425
70
0
0
SEQEND
8
Layer 1
0
POLYLINE
8
Layer 1
62
7
70
0
10
0.000000
20
0.000000
66
1
0
VERTEX
8
Layer 1
10
251.550814
20
592.501425
70
0
0
VERTEX
8
Layer 1
10
251.525731
20
596.491261
70
0
0
SEQEND
8
Layer 1
0
POLYLINE
8
Layer 1
62
7
70
0
10
0.000000
20
0.000000
66
1
0
VERTEX
8
Layer 1
10
251.525731
20
596.491261
70
0
0
VERTEX
8
Layer 1
10
243.525951
20
596.440969
70
0
0
SEQEND
8
Layer 1
0
POLYLINE
8
Layer 1
62
7
70
0
10
0.000000
20
0.000000
66
1
0
VERTEX
8
Layer 1
10
243.525951
20
596.440969
70
0
0
VERTEX
8
Layer 1
10
243.551033
20
592.451133
70
0
0
SEQEND
8
Layer 1
0
POLYLINE
8
Layer 1
62
7
70
0
10
0.000000
20
0.000000
66
1
0
VERTEX
8
Layer 1
10
243.551033
20
592.451133
70
0
0
VERTEX
8
Layer 1
10
235.551147
20
592.400840
70
0
0
SEQEND
8
Layer 1
0
POLYLINE
8
Layer 1
62
7
70
0
10
0.000000
20
0.000000
66
1
0
VERTEX
8
Layer 1
10
235.551147
20
592.400840
70
0
0
VERTEX
8
Layer 1
10
235.526064
20
596.390677
70
0
0
SEQEND
8
Layer 1
0
POLYLINE
8
Layer 1
62
7
70
0
10
0.000000
20
0.000000
66
1
0
VERTEX
8
Layer 1
10
235.526064
20
596.390677
70
0
0
VERTEX
8
Layer 1
10
227.526205
20
596.340384
70
0
0
SEQEND
8
Layer 1
0
POLYLINE
8
Layer 1
62
7
70
0
10
0.000000
20
0.000000
66
1
0
VERTEX
8
Layer 1
10
227.526205
20
596.340384
70
0
0
VERTEX
8
Layer 1
10
227.551287
20
592.350548
70
0
0
SEQEND
8
Layer 1
0
POLYLINE
8
Layer 1
62
7
70
0
10
0.000000
20
0.000000
66
1
0
VERTEX
8
Layer 1
10
228.833801
20
388.344771
70
0
0
VERTEX
8
Layer 1
10
227.601642
20
584.340714
70
0
0
SEQEND
8
Layer 1
0
POLYLINE
8
Layer 1
62
7
70
0
10
0.000000
20
0.000000
66
1
0
VERTEX
8
Layer 1
10
227.601642
20
584.340714
70
0
0
VERTEX
8
Layer 1
10
283.600555
20
584.692759
70
0
0
SEQEND
8
Layer 1
0
POLYLINE
8
Layer 1
62
7
70
0
10
0.000000
20
0.000000
66
1
0
VERTEX
8
Layer 1
10
283.600555
20
584.692759
70
0
0
VERTEX
8
Layer 1
10
284.832713
20
388.696816
70
0
0
SEQEND
8
Layer 1
0
POLYLINE
8
Layer 1
62
7
70
0
10
0.000000
20
0.000000
66
1
0
VERTEX
8
Layer 1
10
236.909100
20
376.395128
70
0
0
VERTEX
8
Layer 1
10
236.884016
20
380.385229
70
0
0
SEQEND
8
Layer 1
0
POLYLINE
8
Layer 1
62
7
70
0
10
0.000000
20
0.000000
66
1
0
VERTEX
8
Layer 1
10
236.884016
20
380.385229
70
0
0
VERTEX
8
Layer 1
10
244.883902
20
380.435521
70
0
0
SEQEND
8
Layer 1
0
POLYLINE
8
Layer 1
62
7
70
0
10
0.000000
20
0.000000
66
1
0
VERTEX
8
Layer 1
10
244.883902
20
380.435521
70
0
0
VERTEX
8
Layer 1
10
244.908986
20
376.445420
70
0
0
SEQEND
8
Layer 1
0
POLYLINE
8
Layer 1
62
7
70
0
10
0.000000
20
0.000000
66
1
0
VERTEX
8
Layer 1
10
244.908986
20
376.445420
70
0
0
VERTEX
8
Layer 1
10
252.908767
20
376.495712
70
0
0
SEQEND
8
Layer 1
0
POLYLINE
8
Layer 1
62
7
70
0
10
0.000000
20
0.000000
66
1
0
VERTEX
8
Layer 1
10
252.908767
20
376.495712
70
0
0
VERTEX
8
Layer 1
10
252.883682
20
380.485813
70
0
0
SEQEND
8
Layer 1
0
POLYLINE
8
Layer 1
62
7
70
0
10
0.000000
20
0.000000
66
1
0
VERTEX
8
Layer 1
10
252.883682
20
380.485813
70
0
0
VERTEX
8
Layer 1
10
260.883463
20
380.536105
70
0
0
SEQEND
8
Layer 1
0
POLYLINE
8
Layer 1
62
7
70
0
10
0.000000
20
0.000000
66
1
0
VERTEX
8
Layer 1
10
260.883463
20
380.536105
70
0
0
VERTEX
8
Layer 1
10
260.908547
20
376.546004
70
0
0
SEQEND
8
Layer 1
0
POLYLINE
8
Layer 1
62
7
70
0
10
0.000000
20
0.000000
66
1
0
VERTEX
8
Layer 1
10
260.908547
20
376.546004
70
0
0
VERTEX
8
Layer 1
10
268.908327
20
376.596296
70
0
0
SEQEND
8
Layer 1
0
POLYLINE
8
Layer 1
62
7
70
0
10
0.000000
20
0.000000
66
1
0
VERTEX
8
Layer 1
10
268.908327
20
376.596296
70
0
0
VERTEX
8
Layer 1
10
268.883243
20
380.586397
70
0
0
SEQEND
8
Layer 1
0
POLYLINE
8
Layer 1
62
7
70
0
10
0.000000
20
0.000000
66
1
0
VERTEX
8
Layer 1
10
268.883243
20
380.586397
70
0
0
VERTEX
8
Layer 1
10
276.883288
20
380.636690
70
0
0
SEQEND
8
Layer 1
0
POLYLINE
8
Layer 1
62
7
70
0
10
0.000000
20
0.000000
66
1
0
VERTEX
8
Layer 1
10
276.883288
20
380.636690
70
0
0
VERTEX
8
Layer 1
10
276.908372
20
376.646589
70
0
0
SEQEND
8
Layer 1
0
POLYLINE
8
Layer 1
62
7
70
0
10
0.000000
20
0.000000
66
1
0
VERTEX
8
Layer 1
10
276.908372
20
376.646589
70
0
0
VERTEX
8
Layer 1
10
284.908153
20
376.696881
70
0
0
SEQEND
8
Layer 1
0
POLYLINE
8
Layer 1
62
7
70
0
10
0.000000
20
0.000000
66
1
0
VERTEX
8
Layer 1
10
284.908153
20
376.696881
70
0
0
VERTEX
8
Layer 1
10
284.883068
20
380.686982
70
0
0
SEQEND
8
Layer 1
0
POLYLINE
8
Layer 1
62
7
70
0
10
0.000000
20
0.000000
66
1
0
VERTEX
8
Layer 1
10
284.883068
20
380.686982
70
0
0
VERTEX
8
Layer 1
10
292.892903
20
380.737337
70
0
0
SEQEND
8
Layer 1
0
POLYLINE
8
Layer 1
62
7
70
0
10
0.000000
20
0.000000
66
1
0
VERTEX
8
Layer 1
10
292.892903
20
380.737337
70
0
0
VERTEX
8
Layer 1
10
292.702447
20
411.032576
70
0
0
SEQEND
8
Layer 1
0
POLYLINE
8
Layer 1
62
7
70
0
10
0.000000
20
0.000000
66
1
0
VERTEX
8
Layer 1
10
292.702447
20
411.032576
70
0
0
VERTEX
8
Layer 1
10
296.692283
20
411.057659
70
0
0
SEQEND
8
Layer 1
0
POLYLINE
8
Layer 1
62
7
70
0
10
0.000000
20
0.000000
66
1
0
VERTEX
8
Layer 1
10
296.692283
20
411.057659
70
0
0
VERTEX
8
Layer 1
10
296.501895
20
441.342130
70
0
0
SEQEND
8
Layer 1
0
POLYLINE
8
Layer 1
62
7
70
0
10
0.000000
20
0.000000
66
1
0
VERTEX
8
Layer 1
10
296.501895
20
441.342130
70
0
0
VERTEX
8
Layer 1
10
292.512059
20
441.317047
70
0
0
SEQEND
8
Layer 1
0
POLYLINE
8
Layer 1
62
7
70
0
10
0.000000
20
0.000000
66
1
0
VERTEX
8
Layer 1
10
292.512059
20
441.317047
70
0
0
VERTEX
8
Layer 1
10
292.321665
20
471.602444
70
0
0
SEQEND
8
Layer 1
0
POLYLINE
8
Layer 1
62
7
70
0
10
0.000000
20
0.000000
66
1
0
VERTEX
8
Layer 1
10
292.321665
20
471.602444
70
0
0
VERTEX
8
Layer 1
10
296.311502
20
471.627527
70
0
0
SEQEND
8
Layer 1
0
POLYLINE
8
Layer 1
62
7
70
0
10
0.000000
20
0.000000
66
1
0
VERTEX
8
Layer 1
10
296.311502
20
471.627527
70
0
0
VERTEX
8
Layer 1
10
296.121108
20
501.912951
70
0
0
SEQEND
8
Layer 1
0
POLYLINE
8
Layer 1
62
7
70
0
10
0.000000
20
0.000000
66
1
0
VERTEX
8
Layer 1
10
296.121108
20
501.912951
70
0
0
VERTEX
8
Layer 1
10
292.131271
20
501.887868
70
0
0
SEQEND
8
Layer 1
0
POLYLINE
8
Layer 1
62
7
70
0
10
0.000000
20
0.000000
66
1
0
VERTEX
8
Layer 1
10
292.131271
20
501.887868
70
0
0
VERTEX
8
Layer 1
10
291.940877
20
532.173318
70
0
0
SEQEND
8
Layer 1
0
POLYLINE
8
Layer 1
62
7
70
0
10
0.000000
20
0.000000
66
1
0
VERTEX
8
Layer 1
10
291.940877
20
532.173318
70
0
0
VERTEX
8
Layer 1
10
295.930714
20
532.198400
70
0
0
SEQEND
8
Layer 1
0
POLYLINE
8
Layer 1
62
7
70
0
10
0.000000
20
0.000000
66
1
0
VERTEX
8
Layer 1
10
219.731909
20
562.004954
70
0
0
VERTEX
8
Layer 1
10
215.741993
20
561.979870
70
0
0
SEQEND
8
Layer 1
0
POLYLINE
8
Layer 1
62
7
70
0
10
0.000000
20
0.000000
66
1
0
VERTEX
8
Layer 1
10
215.741993
20
561.979870
70
0
0
VERTEX
8
Layer 1
10
215.932380
20
531.695479
70
0
0
SEQEND
8
Layer 1
0
POLYLINE
8
Layer 1
62
7
70
0
10
0.000000
20
0.000000
66
1
0
VERTEX
8
Layer 1
10
215.932380
20
531.695479
70
0
0
VERTEX
8
Layer 1
10
219.922296
20
531.720562
70
0
0
SEQEND
8
Layer 1
0
POLYLINE
8
Layer 1
62
7
70
0
10
0.000000
20
0.000000
66
1
0
VERTEX
8
Layer 1
10
219.922296
20
531.720562
70
0
0
VERTEX
8
Layer 1
10
220.112690
20
501.435112
70
0
0
SEQEND
8
Layer 1
0
POLYLINE
8
Layer 1
62
7
70
0
10
0.000000
20
0.000000
66
1
0
VERTEX
8
Layer 1
10
220.112690
20
501.435112
70
0
0
VERTEX
8
Layer 1
10
216.122774
20
501.410029
70
0
0
SEQEND
8
Layer 1
0
POLYLINE
8
Layer 1
62
7
70
0
10
0.000000
20
0.000000
66
1
0
VERTEX
8
Layer 1
10
216.122774
20
501.410029
70
0
0
VERTEX
8
Layer 1
10
216.313168
20
471.124605
70
0
0
SEQEND
8
Layer 1
0
POLYLINE
8
Layer 1
62
7
70
0
10
0.000000
20
0.000000
66
1
0
VERTEX
8
Layer 1
10
216.313168
20
471.124605
70
0
0
VERTEX
8
Layer 1
10
220.303084
20
471.149689
70
0
0
SEQEND
8
Layer 1
0
POLYLINE
8
Layer 1
62
7
70
0
10
0.000000
20
0.000000
66
1
0
VERTEX
8
Layer 1
10
220.303084
20
471.149689
70
0
0
VERTEX
8
Layer 1
10
220.493478
20
440.864292
70
0
0
SEQEND
8
Layer 1
0
POLYLINE
8
Layer 1
62
7
70
0
10
0.000000
20
0.000000
66
1
0
VERTEX
8
Layer 1
10
220.493478
20
440.864292
70
0
0
VERTEX
8
Layer 1
10
216.503562
20
440.839208
70
0
0
SEQEND
8
Layer 1
0
POLYLINE
8
Layer 1
62
7
70
0
10
0.000000
20
0.000000
66
1
0
VERTEX
8
Layer 1
10
216.503562
20
440.839208
70
0
0
VERTEX
8
Layer 1
10
216.693950
20
410.554737
70
0
0
SEQEND
8
Layer 1
0
POLYLINE
8
Layer 1
62
7
70
0
10
0.000000
20
0.000000
66
1
0
VERTEX
8
Layer 1
10
216.693950
20
410.554737
70
0
0
VERTEX
8
Layer 1
10
220.683866
20
410.579821
70
0
0
SEQEND
8
Layer 1
0
POLYLINE
8
Layer 1
62
7
70
0
10
0.000000
20
0.000000
66
1
0
VERTEX
8
Layer 1
10
220.683866
20
410.579821
70
0
0
VERTEX
8
Layer 1
10
220.874321
20
380.284581
70
0
0
SEQEND
8
Layer 1
0
POLYLINE
8
Layer 1
62
7
70
0
10
0.000000
20
0.000000
66
1
0
VERTEX
8
Layer 1
10
220.874321
20
380.284581
70
0
0
VERTEX
8
Layer 1
10
228.884156
20
380.334936
70
0
0
SEQEND
8
Layer 1
0
POLYLINE
8
Layer 1
62
7
70
0
10
0.000000
20
0.000000
66
1
0
VERTEX
8
Layer 1
10
228.884156
20
380.334936
70
0
0
VERTEX
8
Layer 1
10
228.909240
20
376.344835
70
0
0
SEQEND
8
Layer 1
0
POLYLINE
8
Layer 1
62
7
70
0
10
0.000000
20
0.000000
66
1
0
VERTEX
8
Layer 1
10
228.909240
20
376.344835
70
0
0
VERTEX
8
Layer 1
10
236.909100
20
376.395128
70
0
0
SEQEND
8
Layer 1
0
POLYLINE
8
Layer 1
62
7
70
0
10
0.000000
20
0.000000
66
1
0
VERTEX
8
Layer 1
10
284.832713
20
388.696816
70
0
0
VERTEX
8
Layer 1
10
228.833801
20
388.344771
70
0
0
SEQEND
8
Layer 1
0
POLYLINE
8
Layer 1
62
7
70
0
10
0.000000
20
0.000000
66
1
0
VERTEX
8
Layer 1
10
181.069675
20
576.235967
70
0
0
VERTEX
8
Layer 1
10
181.059925
20
576.233739
70
0
0
SEQEND
8
Layer 1
0
POLYLINE
8
Layer 1
62
7
70
0
10
0.000000
20
0.000000
66
1
0
VERTEX
8
Layer 1
10
181.059925
20
576.233739
70
0
0
VERTEX
8
Layer 1
10
181.062106
20
576.224196
70
0
0
SEQEND
8
Layer 1
0
POLYLINE
8
Layer 1
62
7
70
0
10
0.000000
20
0.000000
66
1
0
VERTEX
8
Layer 1
10
181.062106
20
576.224196
70
0
0
VERTEX
8
Layer 1
10
181.071856
20
576.226424
70
0
0
SEQEND
8
Layer 1
0
POLYLINE
8
Layer 1
62
7
70
0
10
0.000000
20
0.000000
66
1
0
VERTEX
8
Layer 1
10
181.071856
20
576.226424
70
0
0
VERTEX
8
Layer 1
10
181.069675
20
576.235967
70
0
0
SEQEND
8
Layer 1
0
POLYLINE
8
Layer 1
62
7
70
0
10
0.000000
20
0.000000
66
1
0
VERTEX
8
Layer 1
10
251.269998
20
592.278723
70
0
0
VERTEX
8
Layer 1
10
251.260197
20
592.276483
70
0
0
SEQEND
8
Layer 1
0
POLYLINE
8
Layer 1
62
7
70
0
10
0.000000
20
0.000000
66
1
0
VERTEX
8
Layer 1
10
251.260197
20
592.276483
70
0
0
VERTEX
8
Layer 1
10
251.262378
20
592.266939
70
0
0
SEQEND
8
Layer 1
0
POLYLINE
8
Layer 1
62
7
70
0
10
0.000000
20
0.000000
66
1
0
VERTEX
8
Layer 1
10
251.262378
20
592.266939
70
0
0
VERTEX
8
Layer 1
10
251.272179
20
592.269179
70
0
0
SEQEND
8
Layer 1
0
POLYLINE
8
Layer 1
62
7
70
0
10
0.000000
20
0.000000
66
1
0
VERTEX
8
Layer 1
10
251.272179
20
592.269179
70
0
0
VERTEX
8
Layer 1
10
251.269998
20
592.278723
70
0
0
SEQEND
8
Layer 1
0
POLYLINE
8
Layer 1
62
7
70
0
10
0.000000
20
0.000000
66
1
0
VERTEX
8
Layer 1
10
297.353913
20
214.645065
70
0
0
VERTEX
8
Layer 1
10
225.354000
20
214.645065
70
0
0
SEQEND
8
Layer 1
0
POLYLINE
8
Layer 1
62
7
70
0
10
0.000000
20
0.000000
66
1
0
VERTEX
8
Layer 1
10
225.354000
20
214.645065
70
0
0
VERTEX
8
Layer 1
10
225.354000
20
2.645291
70
0
0
SEQEND
8
Layer 1
0
POLYLINE
8
Layer 1
62
7
70
0
10
0.000000
20
0.000000
66
1
0
VERTEX
8
Layer 1
10
225.354000
20
2.645291
70
0
0
VERTEX
8
Layer 1
10
297.353913
20
2.645291
70
0
0
SEQEND
8
Layer 1
0
POLYLINE
8
Layer 1
62
7
70
0
10
0.000000
20
0.000000
66
1
0
VERTEX
8
Layer 1
10
297.353913
20
2.645291
70
0
0
VERTEX
8
Layer 1
10
297.353913
20
214.645065
70
0
0
SEQEND
8
Layer 1
0
POLYLINE
8
Layer 1
62
7
70
0
10
0.000000
20
0.000000
66
1
0
VERTEX
8
Layer 1
10
260.569997
20
101.186319
70
0
0
VERTEX
8
Layer 1
10
259.794769
20
101.309085
70
0
0
SEQEND
8
Layer 1
0
POLYLINE
8
Layer 1
62
7
70
0
10
0.000000
20
0.000000
66
1
0
VERTEX
8
Layer 1
10
259.794769
20
101.309085
70
0
0
VERTEX
8
Layer 1
10
259.036474
20
101.512285
70
0
0
SEQEND
8
Layer 1
0
POLYLINE
8
Layer 1
62
7
70
0
10
0.000000
20
0.000000
66
1
0
VERTEX
8
Layer 1
10
259.036474
20
101.512285
70
0
0
VERTEX
8
Layer 1
10
258.303579
20
101.793537
70
0
0
SEQEND
8
Layer 1
0
POLYLINE
8
Layer 1
62
7
70
0
10
0.000000
20
0.000000
66
1
0
VERTEX
8
Layer 1
10
258.303579
20
101.793537
70
0
0
VERTEX
8
Layer 1
10
257.604022
20
102.149930
70
0
0
SEQEND
8
Layer 1
0
POLYLINE
8
Layer 1
62
7
70
0
10
0.000000
20
0.000000
66
1
0
VERTEX
8
Layer 1
10
257.604022
20
102.149930
70
0
0
VERTEX
8
Layer 1
10
256.945475
20
102.577761
70
0
0
SEQEND
8
Layer 1
0
POLYLINE
8
Layer 1
62
7
70
0
10
0.000000
20
0.000000
66
1
0
VERTEX
8
Layer 1
10
256.945475
20
102.577761
70
0
0
VERTEX
8
Layer 1
10
256.335346
20
103.071208
70
0
0
SEQEND
8
Layer 1
0
POLYLINE
8
Layer 1
62
7
70
0
10
0.000000
20
0.000000
66
1
0
VERTEX
8
Layer 1
10
256.335346
20
103.071208
70
0
0
VERTEX
8
Layer 1
10
255.780251
20
103.627362
70
0
0
SEQEND
8
Layer 1
0
POLYLINE
8
Layer 1
62
7
70
0
10
0.000000
20
0.000000
66
1
0
VERTEX
8
Layer 1
10
255.780251
20
103.627362
70
0
0
VERTEX
8
Layer 1
10
255.286275
20
104.237225
70
0
0
SEQEND
8
Layer 1
0
POLYLINE
8
Layer 1
62
7
70
0
10
0.000000
20
0.000000
66
1
0
VERTEX
8
Layer 1
10
255.286275
20
104.237225
70
0
0
VERTEX
8
Layer 1
10
254.858709
20
104.895243
70
0
0
SEQEND
8
Layer 1
0
POLYLINE
8
Layer 1
62
7
70
0
10
0.000000
20
0.000000
66
1
0
VERTEX
8
Layer 1
10
254.858709
20
104.895243
70
0
0
VERTEX
8
Layer 1
10
254.502315
20
105.594272
70
0
0
SEQEND
8
Layer 1
0
POLYLINE
8
Layer 1
62
7
70
0
10
0.000000
20
0.000000
66
1
0
VERTEX
8
Layer 1
10
254.502315
20
105.594272
70
0
0
VERTEX
8
Layer 1
10
254.221064
20
106.327166
70
0
0
SEQEND
8
Layer 1
0
POLYLINE
8
Layer 1
62
7
70
0
10
0.000000
20
0.000000
66
1
0
VERTEX
8
Layer 1
10
254.221064
20
106.327166
70
0
0
VERTEX
8
Layer 1
10
254.017864
20
107.086255
70
0
0
SEQEND
8
Layer 1
0
POLYLINE
8
Layer 1
62
7
70
0
10
0.000000
20
0.000000
66
1
0
VERTEX
8
Layer 1
10
254.017864
20
107.086255
70
0
0
VERTEX
8
Layer 1
10
253.895097
20
107.861219
70
0
0
SEQEND
8
Layer 1
0
POLYLINE
8
Layer 1
62
7
70
0
10
0.000000
20
0.000000
66
1
0
VERTEX
8
Layer 1
10
253.895097
20
107.861219
70
0
0
VERTEX
8
Layer 1
10
253.854087
20
108.645178
70
0
0
SEQEND
8
Layer 1
0
POLYLINE
8
Layer 1
62
7
70
0
10
0.000000
20
0.000000
66
1
0
VERTEX
8
Layer 1
10
253.854087
20
108.645178
70
0
0
VERTEX
8
Layer 1
10
253.895097
20
109.429138
70
0
0
SEQEND
8
Layer 1
0
POLYLINE
8
Layer 1
62
7
70
0
10
0.000000
20
0.000000
66
1
0
VERTEX
8
Layer 1
10
253.895097
20
109.429138
70
0
0
VERTEX
8
Layer 1
10
254.017864
20
110.204366
70
0
0
SEQEND
8
Layer 1
0
POLYLINE
8
Layer 1
62
7
70
0
10
0.000000
20
0.000000
66
1
0
VERTEX
8
Layer 1
10
254.017864
20
110.204366
70
0
0
VERTEX
8
Layer 1
10
254.221064
20
110.963190
70
0
0
SEQEND
8
Layer 1
0
POLYLINE
8
Layer 1
62
7
70
0
10
0.000000
20
0.000000
66
1
0
VERTEX
8
Layer 1
10
254.221064
20
110.963190
70
0
0
VERTEX
8
Layer 1
10
254.502315
20
111.696349
70
0
0
SEQEND
8
Layer 1
0
POLYLINE
8
Layer 1
62
7
70
0
10
0.000000
20
0.000000
66
1
0
VERTEX
8
Layer 1
10
254.502315
20
111.696349
70
0
0
VERTEX
8
Layer 1
10
254.858709
20
112.395113
70
0
0
SEQEND
8
Layer 1
0
POLYLINE
8
Layer 1
62
7
70
0
10
0.000000
20
0.000000
66
1
0
VERTEX
8
Layer 1
10
254.858709
20
112.395113
70
0
0
VERTEX
8
Layer 1
10
255.286275
20
113.053131
70
0
0
SEQEND
8
Layer 1
0
POLYLINE
8
Layer 1
62
7
70
0
10
0.000000
20
0.000000
66
1
0
VERTEX
8
Layer 1
10
255.286275
20
113.053131
70
0
0
VERTEX
8
Layer 1
10
255.780251
20
113.663259
70
0
0
SEQEND
8
Layer 1
0
POLYLINE
8
Layer 1
62
7
70
0
10
0.000000
20
0.000000
66
1
0
VERTEX
8
Layer 1
10
255.780251
20
113.663259
70
0
0
VERTEX
8
Layer 1
10
256.335346
20
114.219148
70
0
0
SEQEND
8
Layer 1
0
POLYLINE
8
Layer 1
62
7
70
0
10
0.000000
20
0.000000
66
1
0
VERTEX
8
Layer 1
10
256.335346
20
114.219148
70
0
0
VERTEX
8
Layer 1
10
256.945475
20
114.713125
70
0
0
SEQEND
8
Layer 1
0
POLYLINE
8
Layer 1
62
7
70
0
10
0.000000
20
0.000000
66
1
0
VERTEX
8
Layer 1
10
256.945475
20
114.713125
70
0
0
VERTEX
8
Layer 1
10
257.604022
20
115.140162
70
0
0
SEQEND
8
Layer 1
0
POLYLINE
8
Layer 1
62
7
70
0
10
0.000000
20
0.000000
66
1
0
VERTEX
8
Layer 1
10
257.604022
20
115.140162
70
0
0
VERTEX
8
Layer 1
10
258.303579
20
115.497349
70
0
0
SEQEND
8
Layer 1
0
POLYLINE
8
Layer 1
62
7
70
0
10
0.000000
20
0.000000
66
1
0
VERTEX
8
Layer 1
10
258.303579
20
115.497349
70
0
0
VERTEX
8
Layer 1
10
259.036474
20
115.778336
70
0
0
SEQEND
8
Layer 1
0
POLYLINE
8
Layer 1
62
7
70
0
10
0.000000
20
0.000000
66
1
0
VERTEX
8
Layer 1
10
259.036474
20
115.778336
70
0
0
VERTEX
8
Layer 1
10
259.794769
20
115.981271
70
0
0
SEQEND
8
Layer 1
0
POLYLINE
8
Layer 1
62
7
70
0
10
0.000000
20
0.000000
66
1
0
VERTEX
8
Layer 1
10
259.794769
20
115.981271
70
0
0
VERTEX
8
Layer 1
10
260.569997
20
116.104302
70
0
0
SEQEND
8
Layer 1
0
POLYLINE
8
Layer 1
62
7
70
0
10
0.000000
20
0.000000
66
1
0
VERTEX
8
Layer 1
10
260.569997
20
116.104302
70
0
0
VERTEX
8
Layer 1
10
261.353957
20
116.145312
70
0
0
SEQEND
8
Layer 1
0
POLYLINE
8
Layer 1
62
7
70
0
10
0.000000
20
0.000000
66
1
0
VERTEX
8
Layer 1
10
261.353957
20
116.145312
70
0
0
VERTEX
8
Layer 1
10
262.137916
20
116.104302
70
0
0
SEQEND
8
Layer 1
0
POLYLINE
8
Layer 1
62
7
70
0
10
0.000000
20
0.000000
66
1
0
VERTEX
8
Layer 1
10
262.137916
20
116.104302
70
0
0
VERTEX
8
Layer 1
10
262.913144
20
115.981271
70
0
0
SEQEND
8
Layer 1
0
POLYLINE
8
Layer 1
62
7
70
0
10
0.000000
20
0.000000
66
1
0
VERTEX
8
Layer 1
10
262.913144
20
115.981271
70
0
0
VERTEX
8
Layer 1
10
263.671439
20
115.778336
70
0
0
SEQEND
8
Layer 1
0
POLYLINE
8
Layer 1
62
7
70
0
10
0.000000
20
0.000000
66
1
0
VERTEX
8
Layer 1
10
263.671439
20
115.778336
70
0
0
VERTEX
8
Layer 1
10
264.404334
20
115.497349
70
0
0
SEQEND
8
Layer 1
0
POLYLINE
8
Layer 1
62
7
70
0
10
0.000000
20
0.000000
66
1
0
VERTEX
8
Layer 1
10
264.404334
20
115.497349
70
0
0
VERTEX
8
Layer 1
10
265.103892
20
115.140162
70
0
0
SEQEND
8
Layer 1
0
POLYLINE
8
Layer 1
62
7
70
0
10
0.000000
20
0.000000
66
1
0
VERTEX
8
Layer 1
10
265.103892
20
115.140162
70
0
0
VERTEX
8
Layer 1
10
265.762439
20
114.713125
70
0
0
SEQEND
8
Layer 1
0
POLYLINE
8
Layer 1
62
7
70
0
10
0.000000
20
0.000000
66
1
0
VERTEX
8
Layer 1
10
265.762439
20
114.713125
70
0
0
VERTEX
8
Layer 1
10
266.372567
20
114.219148
70
0
0
SEQEND
8
Layer 1
0
POLYLINE
8
Layer 1
62
7
70
0
10
0.000000
20
0.000000
66
1
0
VERTEX
8
Layer 1
10
266.372567
20
114.219148
70
0
0
VERTEX
8
Layer 1
10
266.927662
20
113.663259
70
0
0
SEQEND
8
Layer 1
0
POLYLINE
8
Layer 1
62
7
70
0
10
0.000000
20
0.000000
66
1
0
VERTEX
8
Layer 1
10
266.927662
20
113.663259
70
0
0
VERTEX
8
Layer 1
10
267.421639
20
113.053131
70
0
0
SEQEND
8
Layer 1
0
POLYLINE
8
Layer 1
62
7
70
0
10
0.000000
20
0.000000
66
1
0
VERTEX
8
Layer 1
10
267.421639
20
113.053131
70
0
0
VERTEX
8
Layer 1
10
267.849205
20
112.395113
70
0
0
SEQEND
8
Layer 1
0
POLYLINE
8
Layer 1
62
7
70
0
10
0.000000
20
0.000000
66
1
0
VERTEX
8
Layer 1
10
267.849205
20
112.395113
70
0
0
VERTEX
8
Layer 1
10
268.205598
20
111.696349
70
0
0
SEQEND
8
Layer 1
0
POLYLINE
8
Layer 1
62
7
70
0
10
0.000000
20
0.000000
66
1
0
VERTEX
8
Layer 1
10
268.205598
20
111.696349
70
0
0
VERTEX
8
Layer 1
10
268.486850
20
110.963190
70
0
0
SEQEND
8
Layer 1
0
POLYLINE
8
Layer 1
62
7
70
0
10
0.000000
20
0.000000
66
1
0
VERTEX
8
Layer 1
10
268.486850
20
110.963190
70
0
0
VERTEX
8
Layer 1
10
268.690050
20
110.204366
70
0
0
SEQEND
8
Layer 1
0
POLYLINE
8
Layer 1
62
7
70
0
10
0.000000
20
0.000000
66
1
0
VERTEX
8
Layer 1
10
268.690050
20
110.204366
70
0
0
VERTEX
8
Layer 1
10
268.812816
20
109.429138
70
0
0
SEQEND
8
Layer 1
0
POLYLINE
8
Layer 1
62
7
70
0
10
0.000000
20
0.000000
66
1
0
VERTEX
8
Layer 1
10
268.812816
20
109.429138
70
0
0
VERTEX
8
Layer 1
10
268.853826
20
108.645178
70
0
0
SEQEND
8
Layer 1
0
POLYLINE
8
Layer 1
62
7
70
0
10
0.000000
20
0.000000
66
1
0
VERTEX
8
Layer 1
10
268.853826
20
108.645178
70
0
0
VERTEX
8
Layer 1
10
268.812816
20
107.861219
70
0
0
SEQEND
8
Layer 1
0
POLYLINE
8
Layer 1
62
7
70
0
10
0.000000
20
0.000000
66
1
0
VERTEX
8
Layer 1
10
268.812816
20
107.861219
70
0
0
VERTEX
8
Layer 1
10
268.690050
20
107.086255
70
0
0
SEQEND
8
Layer 1
0
POLYLINE
8
Layer 1
62
7
70
0
10
0.000000
20
0.000000
66
1
0
VERTEX
8
Layer 1
10
268.690050
20
107.086255
70
0
0
VERTEX
8
Layer 1
10
268.486850
20
106.327166
70
0
0
SEQEND
8
Layer 1
0
POLYLINE
8
Layer 1
62
7
70
0
10
0.000000
20
0.000000
66
1
0
VERTEX
8
Layer 1
10
268.486850
20
106.327166
70
0
0
VERTEX
8
Layer 1
10
268.205598
20
105.594272
70
0
0
SEQEND
8
Layer 1
0
POLYLINE
8
Layer 1
62
7
70
0
10
0.000000
20
0.000000
66
1
0
VERTEX
8
Layer 1
10
268.205598
20
105.594272
70
0
0
VERTEX
8
Layer 1
10
267.849205
20
104.895243
70
0
0
SEQEND
8
Layer 1
0
POLYLINE
8
Layer 1
62
7
70
0
10
0.000000
20
0.000000
66
1
0
VERTEX
8
Layer 1
10
267.849205
20
104.895243
70
0
0
VERTEX
8
Layer 1
10
267.421639
20
104.237225
70
0
0
SEQEND
8
Layer 1
0
POLYLINE
8
Layer 1
62
7
70
0
10
0.000000
20
0.000000
66
1
0
VERTEX
8
Layer 1
10
267.421639
20
104.237225
70
0
0
VERTEX
8
Layer 1
10
266.927662
20
103.627362
70
0
0
SEQEND
8
Layer 1
0
POLYLINE
8
Layer 1
62
7
70
0
10
0.000000
20
0.000000
66
1
0
VERTEX
8
Layer 1
10
266.927662
20
103.627362
70
0
0
VERTEX
8
Layer 1
10
266.372567
20
103.071208
70
0
0
SEQEND
8
Layer 1
0
POLYLINE
8
Layer 1
62
7
70
0
10
0.000000
20
0.000000
66
1
0
VERTEX
8
Layer 1
10
266.372567
20
103.071208
70
0
0
VERTEX
8
Layer 1
10
265.762439
20
102.577761
70
0
0
SEQEND
8
Layer 1
0
POLYLINE
8
Layer 1
62
7
70
0
10
0.000000
20
0.000000
66
1
0
VERTEX
8
Layer 1
10
265.762439
20
102.577761
70
0
0
VERTEX
8
Layer 1
10
265.103892
20
102.149930
70
0
0
SEQEND
8
Layer 1
0
POLYLINE
8
Layer 1
62
7
70
0
10
0.000000
20
0.000000
66
1
0
VERTEX
8
Layer 1
10
265.103892
20
102.149930
70
0
0
VERTEX
8
Layer 1
10
264.404334
20
101.793537
70
0
0
SEQEND
8
Layer 1
0
POLYLINE
8
Layer 1
62
7
70
0
10
0.000000
20
0.000000
66
1
0
VERTEX
8
Layer 1
10
264.404334
20
101.793537
70
0
0
VERTEX
8
Layer 1
10
263.671439
20
101.512285
70
0
0
SEQEND
8
Layer 1
0
POLYLINE
8
Layer 1
62
7
70
0
10
0.000000
20
0.000000
66
1
0
VERTEX
8
Layer 1
10
263.671439
20
101.512285
70
0
0
VERTEX
8
Layer 1
10
262.913144
20
101.309085
70
0
0
SEQEND
8
Layer 1
0
POLYLINE
8
Layer 1
62
7
70
0
10
0.000000
20
0.000000
66
1
0
VERTEX
8
Layer 1
10
262.913144
20
101.309085
70
0
0
VERTEX
8
Layer 1
10
262.137916
20
101.186319
70
0
0
SEQEND
8
Layer 1
0
POLYLINE
8
Layer 1
62
7
70
0
10
0.000000
20
0.000000
66
1
0
VERTEX
8
Layer 1
10
262.137916
20
101.186319
70
0
0
VERTEX
8
Layer 1
10
261.353957
20
101.145308
70
0
0
SEQEND
8
Layer 1
0
POLYLINE
8
Layer 1
62
7
70
0
10
0.000000
20
0.000000
66
1
0
VERTEX
8
Layer 1
10
261.353957
20
101.145308
70
0
0
VERTEX
8
Layer 1
10
260.569997
20
101.186319
70
0
0
SEQEND
8
Layer 1
 0 
ENDSEC
 0 
EOF